-- Generated by Craft v2.6.2911 on Sep 10, 2016, 2:28:04 PM.

--
-- Disable foreign key checks and autocommit.
--

SET FOREIGN_KEY_CHECKS = 0;
SET SQL_MODE = "NO_AUTO_VALUE_ON_ZERO";
SET AUTOCOMMIT = 0;
SET NAMES utf8;


DROP TABLE IF EXISTS `craft_assetfiles`;


--
-- Schema for table `craft_assetfiles`
--
CREATE TABLE `craft_assetfiles` (
  `id` int(11) NOT NULL,
  `sourceId` int(11) DEFAULT NULL,
  `folderId` int(11) NOT NULL,
  `filename` varchar(255) COLLATE utf8_unicode_ci NOT NULL,
  `kind` varchar(50) COLLATE utf8_unicode_ci NOT NULL DEFAULT 'unknown',
  `width` int(11) unsigned DEFAULT NULL,
  `height` int(11) unsigned DEFAULT NULL,
  `size` bigint(20) unsigned DEFAULT NULL,
  `dateModified` datetime DEFAULT NULL,
  `dateCreated` datetime NOT NULL,
  `dateUpdated` datetime NOT NULL,
  `uid` char(36) COLLATE utf8_unicode_ci NOT NULL DEFAULT '0',
  PRIMARY KEY (`id`),
  UNIQUE KEY `craft_assetfiles_filename_folderId_unq_idx` (`filename`,`folderId`),
  KEY `craft_assetfiles_sourceId_fk` (`sourceId`),
  KEY `craft_assetfiles_folderId_fk` (`folderId`)
) ENGINE=InnoDB DEFAULT CHARSET=utf8 COLLATE=utf8_unicode_ci;

DROP TABLE IF EXISTS `craft_assetfolders`;


--
-- Schema for table `craft_assetfolders`
--
CREATE TABLE `craft_assetfolders` (
  `id` int(11) NOT NULL AUTO_INCREMENT,
  `parentId` int(11) DEFAULT NULL,
  `sourceId` int(11) DEFAULT NULL,
  `name` varchar(255) COLLATE utf8_unicode_ci NOT NULL,
  `path` varchar(255) COLLATE utf8_unicode_ci DEFAULT NULL,
  `dateCreated` datetime NOT NULL,
  `dateUpdated` datetime NOT NULL,
  `uid` char(36) COLLATE utf8_unicode_ci NOT NULL DEFAULT '0',
  PRIMARY KEY (`id`),
  UNIQUE KEY `craft_assetfolders_name_parentId_sourceId_unq_idx` (`name`,`parentId`,`sourceId`),
  KEY `craft_assetfolders_parentId_fk` (`parentId`),
  KEY `craft_assetfolders_sourceId_fk` (`sourceId`)
) ENGINE=InnoDB DEFAULT CHARSET=utf8 COLLATE=utf8_unicode_ci;

DROP TABLE IF EXISTS `craft_assetindexdata`;


--
-- Schema for table `craft_assetindexdata`
--
CREATE TABLE `craft_assetindexdata` (
  `id` int(11) NOT NULL AUTO_INCREMENT,
  `sessionId` varchar(36) COLLATE utf8_unicode_ci NOT NULL DEFAULT '',
  `sourceId` int(10) NOT NULL,
  `offset` int(10) NOT NULL,
  `uri` varchar(255) COLLATE utf8_unicode_ci DEFAULT NULL,
  `size` bigint(20) unsigned DEFAULT NULL,
  `recordId` int(10) DEFAULT NULL,
  `dateCreated` datetime NOT NULL,
  `dateUpdated` datetime NOT NULL,
  `uid` char(36) COLLATE utf8_unicode_ci NOT NULL DEFAULT '0',
  PRIMARY KEY (`id`),
  UNIQUE KEY `craft_assetindexdata_sessionId_sourceId_offset_unq_idx` (`sessionId`,`sourceId`,`offset`),
  KEY `craft_assetindexdata_sourceId_fk` (`sourceId`)
) ENGINE=InnoDB DEFAULT CHARSET=utf8 COLLATE=utf8_unicode_ci;

DROP TABLE IF EXISTS `craft_assetsources`;


--
-- Schema for table `craft_assetsources`
--
CREATE TABLE `craft_assetsources` (
  `id` int(11) NOT NULL AUTO_INCREMENT,
  `name` varchar(255) COLLATE utf8_unicode_ci NOT NULL,
  `handle` varchar(255) COLLATE utf8_unicode_ci NOT NULL,
  `type` varchar(150) COLLATE utf8_unicode_ci NOT NULL,
  `settings` text COLLATE utf8_unicode_ci,
  `sortOrder` smallint(6) unsigned DEFAULT NULL,
  `fieldLayoutId` int(10) DEFAULT NULL,
  `dateCreated` datetime NOT NULL,
  `dateUpdated` datetime NOT NULL,
  `uid` char(36) COLLATE utf8_unicode_ci NOT NULL DEFAULT '0',
  PRIMARY KEY (`id`),
  UNIQUE KEY `craft_assetsources_name_unq_idx` (`name`),
  UNIQUE KEY `craft_assetsources_handle_unq_idx` (`handle`),
  KEY `craft_assetsources_fieldLayoutId_fk` (`fieldLayoutId`)
) ENGINE=InnoDB DEFAULT CHARSET=utf8 COLLATE=utf8_unicode_ci;

DROP TABLE IF EXISTS `craft_assettransformindex`;


--
-- Schema for table `craft_assettransformindex`
--
CREATE TABLE `craft_assettransformindex` (
  `id` int(11) NOT NULL AUTO_INCREMENT,
  `fileId` int(11) NOT NULL,
  `filename` varchar(255) COLLATE utf8_unicode_ci DEFAULT NULL,
  `format` varchar(255) COLLATE utf8_unicode_ci DEFAULT NULL,
  `location` varchar(255) COLLATE utf8_unicode_ci NOT NULL,
  `sourceId` int(11) DEFAULT NULL,
  `fileExists` tinyint(1) DEFAULT NULL,
  `inProgress` tinyint(1) DEFAULT NULL,
  `dateIndexed` datetime DEFAULT NULL,
  `dateCreated` datetime NOT NULL,
  `dateUpdated` datetime NOT NULL,
  `uid` char(36) COLLATE utf8_unicode_ci NOT NULL DEFAULT '0',
  PRIMARY KEY (`id`),
  KEY `craft_assettransformindex_sourceId_fileId_location_idx` (`sourceId`,`fileId`,`location`)
) ENGINE=InnoDB DEFAULT CHARSET=utf8 COLLATE=utf8_unicode_ci;

DROP TABLE IF EXISTS `craft_assettransforms`;


--
-- Schema for table `craft_assettransforms`
--
CREATE TABLE `craft_assettransforms` (
  `id` int(11) NOT NULL AUTO_INCREMENT,
  `name` varchar(255) COLLATE utf8_unicode_ci NOT NULL,
  `handle` varchar(255) COLLATE utf8_unicode_ci NOT NULL,
  `mode` enum('stretch','fit','crop') COLLATE utf8_unicode_ci NOT NULL DEFAULT 'crop',
  `position` enum('top-left','top-center','top-right','center-left','center-center','center-right','bottom-left','bottom-center','bottom-right') COLLATE utf8_unicode_ci NOT NULL DEFAULT 'center-center',
  `height` int(10) DEFAULT NULL,
  `width` int(10) DEFAULT NULL,
  `format` varchar(255) COLLATE utf8_unicode_ci DEFAULT NULL,
  `quality` int(10) DEFAULT NULL,
  `dimensionChangeTime` datetime DEFAULT NULL,
  `dateCreated` datetime NOT NULL,
  `dateUpdated` datetime NOT NULL,
  `uid` char(36) COLLATE utf8_unicode_ci NOT NULL DEFAULT '0',
  PRIMARY KEY (`id`),
  UNIQUE KEY `craft_assettransforms_name_unq_idx` (`name`),
  UNIQUE KEY `craft_assettransforms_handle_unq_idx` (`handle`)
) ENGINE=InnoDB DEFAULT CHARSET=utf8 COLLATE=utf8_unicode_ci;

DROP TABLE IF EXISTS `craft_categories`;


--
-- Schema for table `craft_categories`
--
CREATE TABLE `craft_categories` (
  `id` int(11) NOT NULL,
  `groupId` int(11) NOT NULL,
  `dateCreated` datetime NOT NULL,
  `dateUpdated` datetime NOT NULL,
  `uid` char(36) COLLATE utf8_unicode_ci NOT NULL DEFAULT '0',
  PRIMARY KEY (`id`),
  KEY `craft_categories_groupId_fk` (`groupId`)
) ENGINE=InnoDB DEFAULT CHARSET=utf8 COLLATE=utf8_unicode_ci;

DROP TABLE IF EXISTS `craft_categorygroups`;


--
-- Schema for table `craft_categorygroups`
--
CREATE TABLE `craft_categorygroups` (
  `id` int(11) NOT NULL AUTO_INCREMENT,
  `structureId` int(11) NOT NULL,
  `fieldLayoutId` int(11) DEFAULT NULL,
  `name` varchar(255) COLLATE utf8_unicode_ci NOT NULL,
  `handle` varchar(255) COLLATE utf8_unicode_ci NOT NULL,
  `hasUrls` tinyint(1) unsigned NOT NULL DEFAULT '1',
  `template` varchar(500) COLLATE utf8_unicode_ci DEFAULT NULL,
  `dateCreated` datetime NOT NULL,
  `dateUpdated` datetime NOT NULL,
  `uid` char(36) COLLATE utf8_unicode_ci NOT NULL DEFAULT '0',
  PRIMARY KEY (`id`),
  UNIQUE KEY `craft_categorygroups_name_unq_idx` (`name`),
  UNIQUE KEY `craft_categorygroups_handle_unq_idx` (`handle`),
  KEY `craft_categorygroups_structureId_fk` (`structureId`),
  KEY `craft_categorygroups_fieldLayoutId_fk` (`fieldLayoutId`)
) ENGINE=InnoDB DEFAULT CHARSET=utf8 COLLATE=utf8_unicode_ci;

DROP TABLE IF EXISTS `craft_categorygroups_i18n`;


--
-- Schema for table `craft_categorygroups_i18n`
--
CREATE TABLE `craft_categorygroups_i18n` (
  `id` int(11) NOT NULL AUTO_INCREMENT,
  `groupId` int(11) NOT NULL,
  `locale` char(12) COLLATE utf8_unicode_ci NOT NULL,
  `urlFormat` text COLLATE utf8_unicode_ci,
  `nestedUrlFormat` text COLLATE utf8_unicode_ci,
  `dateCreated` datetime NOT NULL,
  `dateUpdated` datetime NOT NULL,
  `uid` char(36) COLLATE utf8_unicode_ci NOT NULL DEFAULT '0',
  PRIMARY KEY (`id`),
  UNIQUE KEY `craft_categorygroups_i18n_groupId_locale_unq_idx` (`groupId`,`locale`),
  KEY `craft_categorygroups_i18n_locale_fk` (`locale`)
) ENGINE=InnoDB DEFAULT CHARSET=utf8 COLLATE=utf8_unicode_ci;

DROP TABLE IF EXISTS `craft_content`;


--
-- Schema for table `craft_content`
--
CREATE TABLE `craft_content` (
  `id` int(11) NOT NULL AUTO_INCREMENT,
  `elementId` int(11) NOT NULL,
  `locale` char(12) COLLATE utf8_unicode_ci NOT NULL,
  `title` varchar(255) COLLATE utf8_unicode_ci DEFAULT NULL,
  `field_body` text COLLATE utf8_unicode_ci,
  `field_heading` text COLLATE utf8_unicode_ci,
  `field_subheading` text COLLATE utf8_unicode_ci,
  `dateCreated` datetime NOT NULL,
  `dateUpdated` datetime NOT NULL,
  `uid` char(36) COLLATE utf8_unicode_ci NOT NULL DEFAULT '0',
  PRIMARY KEY (`id`),
  UNIQUE KEY `craft_content_elementId_locale_unq_idx` (`elementId`,`locale`),
  KEY `craft_content_title_idx` (`title`),
  KEY `craft_content_locale_fk` (`locale`)
) ENGINE=InnoDB AUTO_INCREMENT=8 DEFAULT CHARSET=utf8 COLLATE=utf8_unicode_ci;

--
-- Data for table `craft_content`
--

INSERT INTO `craft_content` (`id`, `elementId`, `locale`, `title`, `field_body`, `field_heading`, `field_subheading`, `dateCreated`, `dateUpdated`, `uid`) VALUES
 ('1', '1', 'en_us', NULL, NULL, NULL, NULL, '2016-02-28 00:53:49', '2016-02-28 02:51:13', '73bca07f-445e-4f79-873a-03aef7fc0266'),
 ('2', '2', 'en_us', 'jaymee.info - homepage', '<p><a class=\"button\" href=\"https://github.com/hellojaymee\">github</a><br /><a class=\"button\" href=\"http://codepen.io/hellojaymee/\">codepen</a><br /><a class=\"button\" href=\"https://twitter.com/hellojaymee\">twitter</a><br /><a class=\"button\" href=\"https://www.linkedin.com/in/jaymeerobertson\">linkedin</a></p>', 'Jaymee.', 'Web Developer\r\n& Designer.', '2016-02-28 00:53:51', '2016-08-20 18:39:31', '9cf1c352-26a7-443d-8237-82be3856351d'),
 ('3', '3', 'en_us', 'We just installed Craft!', '<p>Craft is the CMS that’s powering Localhost. It’s beautiful, powerful, flexible, and easy-to-use, and it’s made by Pixel &amp; Tonic. We can’t wait to dive in and see what it’s capable of!</p><!--pagebreak--><p>This is even more captivating content, which you couldn’t see on the News index page because it was entered after a Page Break, and the News index template only likes to show the content on the first page.</p><p>Craft: a nice alternative to Word, if you’re making a website.</p>', NULL, NULL, '2016-02-28 00:53:51', '2016-02-28 00:53:51', 'b5ca9470-3be8-4ba9-a9b7-22dfb0c04ae9'),
 ('4', '4', 'en_us', 'Web Development is like yoga', '<p>We progress, we always progress. Or try to.</p>', NULL, NULL, '2016-02-28 02:29:59', '2016-02-28 02:54:10', '257cbc05-be56-4424-8b2c-7d3cc49a5875'),
 ('5', '5', 'en_us', 'yoga', NULL, NULL, NULL, '2016-02-28 02:52:18', '2016-02-28 02:52:18', '4a170381-fec8-4638-8d98-8ceed0d83de3'),
 ('6', '6', 'en_us', 'frontend', NULL, NULL, NULL, '2016-02-28 02:52:28', '2016-02-28 02:52:28', '2ea6130c-643c-400a-8a9e-c88da3da9017'),
 ('7', '7', 'en_us', 'webdevelopment', NULL, NULL, NULL, '2016-02-28 02:52:33', '2016-02-28 02:52:33', '79751b3c-0cc3-4505-9d6e-6307d66cd555');



DROP TABLE IF EXISTS `craft_deprecationerrors`;


--
-- Schema for table `craft_deprecationerrors`
--
CREATE TABLE `craft_deprecationerrors` (
  `id` int(11) NOT NULL AUTO_INCREMENT,
  `key` varchar(255) COLLATE utf8_unicode_ci NOT NULL,
  `fingerprint` varchar(255) COLLATE utf8_unicode_ci NOT NULL,
  `lastOccurrence` datetime NOT NULL,
  `file` varchar(255) COLLATE utf8_unicode_ci NOT NULL,
  `line` smallint(6) unsigned NOT NULL,
  `class` varchar(255) COLLATE utf8_unicode_ci DEFAULT NULL,
  `method` varchar(255) COLLATE utf8_unicode_ci DEFAULT NULL,
  `template` varchar(255) COLLATE utf8_unicode_ci DEFAULT NULL,
  `templateLine` smallint(6) unsigned DEFAULT NULL,
  `message` varchar(255) COLLATE utf8_unicode_ci DEFAULT NULL,
  `traces` text COLLATE utf8_unicode_ci,
  `dateCreated` datetime NOT NULL,
  `dateUpdated` datetime NOT NULL,
  `uid` char(36) COLLATE utf8_unicode_ci NOT NULL DEFAULT '0',
  PRIMARY KEY (`id`),
  UNIQUE KEY `craft_deprecationerrors_key_fingerprint_unq_idx` (`key`,`fingerprint`)
) ENGINE=InnoDB DEFAULT CHARSET=utf8 COLLATE=utf8_unicode_ci;

DROP TABLE IF EXISTS `craft_elementindexsettings`;


--
-- Schema for table `craft_elementindexsettings`
--
CREATE TABLE `craft_elementindexsettings` (
  `id` int(11) NOT NULL AUTO_INCREMENT,
  `type` varchar(150) COLLATE utf8_unicode_ci NOT NULL,
  `settings` text COLLATE utf8_unicode_ci,
  `dateCreated` datetime NOT NULL,
  `dateUpdated` datetime NOT NULL,
  `uid` char(36) COLLATE utf8_unicode_ci NOT NULL DEFAULT '0',
  PRIMARY KEY (`id`),
  UNIQUE KEY `craft_elementindexsettings_type_unq_idx` (`type`)
) ENGINE=InnoDB DEFAULT CHARSET=utf8 COLLATE=utf8_unicode_ci;

DROP TABLE IF EXISTS `craft_elements`;


--
-- Schema for table `craft_elements`
--
CREATE TABLE `craft_elements` (
  `id` int(11) NOT NULL AUTO_INCREMENT,
  `type` varchar(150) COLLATE utf8_unicode_ci NOT NULL,
  `enabled` tinyint(1) unsigned NOT NULL DEFAULT '1',
  `archived` tinyint(1) unsigned NOT NULL DEFAULT '0',
  `dateCreated` datetime NOT NULL,
  `dateUpdated` datetime NOT NULL,
  `uid` char(36) COLLATE utf8_unicode_ci NOT NULL DEFAULT '0',
  PRIMARY KEY (`id`),
  KEY `craft_elements_type_idx` (`type`),
  KEY `craft_elements_enabled_idx` (`enabled`),
  KEY `craft_elements_archived_dateCreated_idx` (`archived`,`dateCreated`)
) ENGINE=InnoDB AUTO_INCREMENT=13 DEFAULT CHARSET=utf8 COLLATE=utf8_unicode_ci;

--
-- Data for table `craft_elements`
--

INSERT INTO `craft_elements` (`id`, `type`, `enabled`, `archived`, `dateCreated`, `dateUpdated`, `uid`) VALUES
 ('1', 'User', '1', '0', '2016-02-28 00:53:49', '2016-02-28 02:51:13', 'add09931-18e2-494e-9e5c-9b08ee62f7b8'),
 ('2', 'Entry', '1', '0', '2016-02-28 00:53:51', '2016-08-20 18:39:31', '3f5a7099-4f97-4a8d-8a2d-757016ce6693'),
 ('3', 'Entry', '1', '0', '2016-02-28 00:53:51', '2016-02-28 00:53:51', '0e96a569-4386-4c0e-bff1-bc45378d648c'),
 ('4', 'Entry', '1', '0', '2016-02-28 02:29:59', '2016-02-28 02:54:10', '892c8b5c-b7df-4efc-ab37-3e06edf76252'),
 ('5', 'Tag', '1', '0', '2016-02-28 02:52:18', '2016-02-28 02:52:18', 'c3d4c892-7aa1-42fb-bc4c-0b37850a6df2'),
 ('6', 'Tag', '1', '0', '2016-02-28 02:52:28', '2016-02-28 02:52:28', 'c15025e2-65c8-4b13-86be-a2e898feffb6'),
 ('7', 'Tag', '1', '0', '2016-02-28 02:52:32', '2016-02-28 02:52:32', 'f64ba9d7-e466-433d-bc6e-b0dc26175366'),
 ('8', 'MatrixBlock', '1', '0', '2016-04-29 01:48:09', '2016-08-20 18:39:31', 'c3797a0b-9f5d-46ad-affa-66463ec27d77'),
 ('10', 'MatrixBlock', '1', '0', '2016-04-29 02:31:14', '2016-08-20 18:39:31', 'a1c5ae82-d403-4f78-b00f-91dd9b1df376'),
 ('12', 'MatrixBlock', '1', '0', '2016-04-29 02:46:05', '2016-08-20 18:39:31', '19c2b24f-ff04-42ad-8da9-bc2dac4ab4da');



DROP TABLE IF EXISTS `craft_elements_i18n`;


--
-- Schema for table `craft_elements_i18n`
--
CREATE TABLE `craft_elements_i18n` (
  `id` int(11) NOT NULL AUTO_INCREMENT,
  `elementId` int(11) NOT NULL,
  `locale` char(12) COLLATE utf8_unicode_ci NOT NULL,
  `slug` varchar(255) COLLATE utf8_unicode_ci DEFAULT NULL,
  `uri` varchar(255) COLLATE utf8_unicode_ci DEFAULT NULL,
  `enabled` tinyint(1) unsigned NOT NULL DEFAULT '1',
  `dateCreated` datetime NOT NULL,
  `dateUpdated` datetime NOT NULL,
  `uid` char(36) COLLATE utf8_unicode_ci NOT NULL DEFAULT '0',
  PRIMARY KEY (`id`),
  UNIQUE KEY `craft_elements_i18n_elementId_locale_unq_idx` (`elementId`,`locale`),
  UNIQUE KEY `craft_elements_i18n_uri_locale_unq_idx` (`uri`,`locale`),
  KEY `craft_elements_i18n_slug_locale_idx` (`slug`,`locale`),
  KEY `craft_elements_i18n_enabled_idx` (`enabled`),
  KEY `craft_elements_i18n_locale_fk` (`locale`)
) ENGINE=InnoDB AUTO_INCREMENT=13 DEFAULT CHARSET=utf8 COLLATE=utf8_unicode_ci;

--
-- Data for table `craft_elements_i18n`
--

INSERT INTO `craft_elements_i18n` (`id`, `elementId`, `locale`, `slug`, `uri`, `enabled`, `dateCreated`, `dateUpdated`, `uid`) VALUES
 ('1', '1', 'en_us', '', NULL, '1', '2016-02-28 00:53:49', '2016-02-28 02:51:13', 'a72dc337-5b5d-4eb9-8717-b946abefc732'),
 ('2', '2', 'en_us', 'homepage', '__home__', '1', '2016-02-28 00:53:51', '2016-08-20 18:39:31', '296cddb5-5f8a-4e3f-8b3f-97af8e5a3e1f'),
 ('3', '3', 'en_us', 'we-just-installed-craft', 'news/2016/we-just-installed-craft', '1', '2016-02-28 00:53:51', '2016-02-28 00:53:51', '6cac1afe-c03f-448e-9f6f-1e2cb6e5a863'),
 ('4', '4', 'en_us', 'web-dev-yoga', 'blog/web-dev-yoga', '1', '2016-02-28 02:29:59', '2016-02-28 02:54:10', 'fab708b5-fad2-475a-b21b-f1280ceeb682'),
 ('5', '5', 'en_us', 'yoga', NULL, '1', '2016-02-28 02:52:18', '2016-02-28 02:52:18', 'b0cbd9df-46c8-44db-a16f-a6528b371fbe'),
 ('6', '6', 'en_us', 'frontend', NULL, '1', '2016-02-28 02:52:28', '2016-02-28 02:52:28', '810f93d3-f605-4a29-a460-4b51f644775c'),
 ('7', '7', 'en_us', 'webdevelopment', NULL, '1', '2016-02-28 02:52:33', '2016-02-28 02:52:33', '1c87baf1-6571-4402-9b86-95f664a37a78'),
 ('8', '8', 'en_us', '', NULL, '1', '2016-04-29 01:48:09', '2016-08-20 18:39:31', '601026e4-bd43-47c0-b5e4-81a33a193f67'),
 ('10', '10', 'en_us', '', NULL, '1', '2016-04-29 02:31:14', '2016-08-20 18:39:31', 'db882679-ba55-4faf-95b7-a7570aa4f473'),
 ('12', '12', 'en_us', '', NULL, '1', '2016-04-29 02:46:05', '2016-08-20 18:39:31', 'd7c7d280-5761-4241-8dfa-f4cf2925fe97');



DROP TABLE IF EXISTS `craft_emailmessages`;


--
-- Schema for table `craft_emailmessages`
--
CREATE TABLE `craft_emailmessages` (
  `id` int(11) NOT NULL AUTO_INCREMENT,
  `key` char(150) COLLATE utf8_unicode_ci NOT NULL,
  `locale` char(12) COLLATE utf8_unicode_ci NOT NULL,
  `subject` varchar(1000) COLLATE utf8_unicode_ci NOT NULL,
  `body` text COLLATE utf8_unicode_ci NOT NULL,
  `dateCreated` datetime NOT NULL,
  `dateUpdated` datetime NOT NULL,
  `uid` char(36) COLLATE utf8_unicode_ci NOT NULL DEFAULT '0',
  PRIMARY KEY (`id`),
  UNIQUE KEY `craft_emailmessages_key_locale_unq_idx` (`key`,`locale`),
  KEY `craft_emailmessages_locale_fk` (`locale`)
) ENGINE=InnoDB DEFAULT CHARSET=utf8 COLLATE=utf8_unicode_ci;

DROP TABLE IF EXISTS `craft_entries`;


--
-- Schema for table `craft_entries`
--
CREATE TABLE `craft_entries` (
  `id` int(11) NOT NULL,
  `sectionId` int(11) NOT NULL,
  `typeId` int(11) DEFAULT NULL,
  `authorId` int(11) DEFAULT NULL,
  `postDate` datetime DEFAULT NULL,
  `expiryDate` datetime DEFAULT NULL,
  `dateCreated` datetime NOT NULL,
  `dateUpdated` datetime NOT NULL,
  `uid` char(36) COLLATE utf8_unicode_ci NOT NULL DEFAULT '0',
  PRIMARY KEY (`id`),
  KEY `craft_entries_sectionId_idx` (`sectionId`),
  KEY `craft_entries_typeId_idx` (`typeId`),
  KEY `craft_entries_postDate_idx` (`postDate`),
  KEY `craft_entries_expiryDate_idx` (`expiryDate`),
  KEY `craft_entries_authorId_fk` (`authorId`)
) ENGINE=InnoDB DEFAULT CHARSET=utf8 COLLATE=utf8_unicode_ci;

--
-- Data for table `craft_entries`
--

INSERT INTO `craft_entries` (`id`, `sectionId`, `typeId`, `authorId`, `postDate`, `expiryDate`, `dateCreated`, `dateUpdated`, `uid`) VALUES
 ('2', '1', '1', NULL, '2016-04-29 01:25:19', NULL, '2016-02-28 00:53:51', '2016-08-20 18:39:31', 'f4a88e2c-06d5-4e50-a2a7-1a9aa6825ae8'),
 ('3', '2', '2', '1', '2016-02-28 00:53:51', NULL, '2016-02-28 00:53:51', '2016-02-28 00:53:51', '0a5d481d-e189-4b9b-94ab-158d2a33b535'),
 ('4', '3', '3', '1', '2016-02-27 05:00:00', NULL, '2016-02-28 02:29:59', '2016-02-28 02:54:10', '6191dcb7-f2ce-4c0c-ad05-b12971475eb8');



DROP TABLE IF EXISTS `craft_entrydrafts`;


--
-- Schema for table `craft_entrydrafts`
--
CREATE TABLE `craft_entrydrafts` (
  `id` int(11) NOT NULL AUTO_INCREMENT,
  `entryId` int(11) NOT NULL,
  `sectionId` int(11) NOT NULL,
  `creatorId` int(11) NOT NULL,
  `locale` char(12) COLLATE utf8_unicode_ci NOT NULL,
  `name` varchar(255) COLLATE utf8_unicode_ci NOT NULL,
  `notes` tinytext COLLATE utf8_unicode_ci,
  `data` mediumtext COLLATE utf8_unicode_ci NOT NULL,
  `dateCreated` datetime NOT NULL,
  `dateUpdated` datetime NOT NULL,
  `uid` char(36) COLLATE utf8_unicode_ci NOT NULL DEFAULT '0',
  PRIMARY KEY (`id`),
  KEY `craft_entrydrafts_entryId_locale_idx` (`entryId`,`locale`),
  KEY `craft_entrydrafts_sectionId_fk` (`sectionId`),
  KEY `craft_entrydrafts_creatorId_fk` (`creatorId`),
  KEY `craft_entrydrafts_locale_fk` (`locale`)
) ENGINE=InnoDB DEFAULT CHARSET=utf8 COLLATE=utf8_unicode_ci;

DROP TABLE IF EXISTS `craft_entrytypes`;


--
-- Schema for table `craft_entrytypes`
--
CREATE TABLE `craft_entrytypes` (
  `id` int(11) NOT NULL AUTO_INCREMENT,
  `sectionId` int(11) NOT NULL,
  `fieldLayoutId` int(11) DEFAULT NULL,
  `name` varchar(255) COLLATE utf8_unicode_ci NOT NULL,
  `handle` varchar(255) COLLATE utf8_unicode_ci NOT NULL,
  `hasTitleField` tinyint(1) unsigned NOT NULL DEFAULT '1',
  `titleLabel` varchar(255) COLLATE utf8_unicode_ci DEFAULT 'Title',
  `titleFormat` varchar(255) COLLATE utf8_unicode_ci DEFAULT NULL,
  `sortOrder` smallint(6) unsigned DEFAULT NULL,
  `dateCreated` datetime NOT NULL,
  `dateUpdated` datetime NOT NULL,
  `uid` char(36) COLLATE utf8_unicode_ci NOT NULL DEFAULT '0',
  PRIMARY KEY (`id`),
  UNIQUE KEY `craft_entrytypes_name_sectionId_unq_idx` (`name`,`sectionId`),
  UNIQUE KEY `craft_entrytypes_handle_sectionId_unq_idx` (`handle`,`sectionId`),
  KEY `craft_entrytypes_sectionId_fk` (`sectionId`),
  KEY `craft_entrytypes_fieldLayoutId_fk` (`fieldLayoutId`)
) ENGINE=InnoDB AUTO_INCREMENT=4 DEFAULT CHARSET=utf8 COLLATE=utf8_unicode_ci;

--
-- Data for table `craft_entrytypes`
--

INSERT INTO `craft_entrytypes` (`id`, `sectionId`, `fieldLayoutId`, `name`, `handle`, `hasTitleField`, `titleLabel`, `titleFormat`, `sortOrder`, `dateCreated`, `dateUpdated`, `uid`) VALUES
 ('1', '1', '21', 'Homepage', 'homepage', '1', 'Title', NULL, NULL, '2016-02-28 00:53:51', '2016-04-29 02:24:50', '7e656f95-e2d4-42b3-8412-82c2b459f42b'),
 ('2', '2', '5', 'News', 'news', '1', 'Title', NULL, NULL, '2016-02-28 00:53:51', '2016-02-28 00:53:51', '5a943af7-05a8-4162-a741-c5b9ad6199e9'),
 ('3', '3', '7', 'Blog', 'blog', '1', 'Title', NULL, NULL, '2016-02-28 02:28:53', '2016-02-28 02:36:52', '526a31d7-6ae6-4877-aa78-a7831a79a5eb');



DROP TABLE IF EXISTS `craft_entryversions`;


--
-- Schema for table `craft_entryversions`
--
CREATE TABLE `craft_entryversions` (
  `id` int(11) NOT NULL AUTO_INCREMENT,
  `entryId` int(11) NOT NULL,
  `sectionId` int(11) NOT NULL,
  `creatorId` int(11) DEFAULT NULL,
  `locale` char(12) COLLATE utf8_unicode_ci NOT NULL,
  `num` smallint(6) unsigned NOT NULL,
  `notes` tinytext COLLATE utf8_unicode_ci,
  `data` mediumtext COLLATE utf8_unicode_ci NOT NULL,
  `dateCreated` datetime NOT NULL,
  `dateUpdated` datetime NOT NULL,
  `uid` char(36) COLLATE utf8_unicode_ci NOT NULL DEFAULT '0',
  PRIMARY KEY (`id`),
  KEY `craft_entryversions_entryId_locale_idx` (`entryId`,`locale`),
  KEY `craft_entryversions_sectionId_fk` (`sectionId`),
  KEY `craft_entryversions_creatorId_fk` (`creatorId`),
  KEY `craft_entryversions_locale_fk` (`locale`)
) ENGINE=InnoDB AUTO_INCREMENT=55 DEFAULT CHARSET=utf8 COLLATE=utf8_unicode_ci;

--
-- Data for table `craft_entryversions`
--

INSERT INTO `craft_entryversions` (`id`, `entryId`, `sectionId`, `creatorId`, `locale`, `num`, `notes`, `data`, `dateCreated`, `dateUpdated`, `uid`) VALUES
 ('1', '2', '1', '1', 'en_us', '1', NULL, '{\"typeId\":\"1\",\"authorId\":null,\"title\":\"Homepage\",\"slug\":\"homepage\",\"postDate\":1456620831,\"expiryDate\":null,\"enabled\":1,\"parentId\":null,\"fields\":[]}', '2016-02-28 00:53:51', '2016-02-28 00:53:51', '7e85ec4a-9a99-4793-8c10-2aac63b6182e'),
 ('2', '2', '1', '1', 'en_us', '2', NULL, '{\"typeId\":null,\"authorId\":null,\"title\":\"Welcome to Localhost!\",\"slug\":\"homepage\",\"postDate\":1456620831,\"expiryDate\":null,\"enabled\":\"1\",\"parentId\":null,\"fields\":{\"1\":\"<p>It\\u2019s true, this site doesn\\u2019t have a whole lot of content yet, but don\\u2019t worry. Our web developers have just installed the CMS, and they\\u2019re setting things up for the content editors this very moment. Soon Localhost will be an oasis of fresh perspectives, sharp analyses, and astute opinions that will keep you coming back again and again.<\\/p>\"}}', '2016-02-28 00:53:51', '2016-02-28 00:53:51', '87dfc13e-387a-4ba8-8552-d77cb889105e'),
 ('3', '3', '2', '1', 'en_us', '1', NULL, '{\"typeId\":\"2\",\"authorId\":\"1\",\"title\":\"We just installed Craft!\",\"slug\":\"we-just-installed-craft\",\"postDate\":1456620831,\"expiryDate\":null,\"enabled\":1,\"parentId\":null,\"fields\":[]}', '2016-02-28 00:53:51', '2016-02-28 00:53:51', '127932c3-65d7-4513-9ba9-ae24a75b62f5'),
 ('4', '4', '3', '1', 'en_us', '1', '', '{\"typeId\":null,\"authorId\":\"1\",\"title\":\"Blog\",\"slug\":\"blog\",\"postDate\":1456626599,\"expiryDate\":null,\"enabled\":1,\"parentId\":null,\"fields\":[]}', '2016-02-28 02:29:59', '2016-02-28 02:29:59', '58aec0ef-d892-4215-a9f0-352ecef0bd16'),
 ('5', '4', '3', '1', 'en_us', '2', '', '{\"typeId\":\"3\",\"authorId\":\"1\",\"title\":\"Web Development is like yoga\",\"slug\":\"blog\",\"postDate\":1456626540,\"expiryDate\":null,\"enabled\":1,\"parentId\":null,\"fields\":[]}', '2016-02-28 02:30:17', '2016-02-28 02:30:17', '88b6d479-f920-4ae8-a3d3-7152f8bf8ec1'),
 ('6', '4', '3', '1', 'en_us', '3', '', '{\"typeId\":\"3\",\"authorId\":\"1\",\"title\":\"Web Development is like yoga\",\"slug\":\"blog-web-dev-yoga\",\"postDate\":1456626540,\"expiryDate\":null,\"enabled\":1,\"parentId\":null,\"fields\":[]}', '2016-02-28 02:31:01', '2016-02-28 02:31:01', 'ff0f8622-1f6f-4546-badb-25a783c3c67f'),
 ('7', '4', '3', '1', 'en_us', '4', '', '{\"typeId\":\"3\",\"authorId\":\"1\",\"title\":\"Web Development is like yoga\",\"slug\":\"blog-web-dev-yoga\",\"postDate\":1456691400,\"expiryDate\":null,\"enabled\":1,\"parentId\":null,\"fields\":[]}', '2016-02-28 02:31:35', '2016-02-28 02:31:35', 'c9836c96-87c2-42ca-97ff-6067f33a95fb'),
 ('8', '4', '3', '1', 'en_us', '5', '', '{\"typeId\":\"3\",\"authorId\":\"1\",\"title\":\"Web Development is like yoga\",\"slug\":\"blog-web-dev-yoga\",\"postDate\":1456691400,\"expiryDate\":null,\"enabled\":1,\"parentId\":null,\"fields\":{\"1\":\"<p>We progress, we always progress. Or try to.<\\/p>\",\"2\":\"\"}}', '2016-02-28 02:37:18', '2016-02-28 02:37:18', '71ac7431-dbc7-4361-8eca-f18a0d03c2e6'),
 ('9', '4', '3', '1', 'en_us', '6', '', '{\"typeId\":\"3\",\"authorId\":\"1\",\"title\":\"Web Development is like yoga\",\"slug\":\"blog-web-dev-yoga\",\"postDate\":1456691400,\"expiryDate\":null,\"enabled\":1,\"parentId\":null,\"fields\":{\"1\":\"<p>We progress, we always progress. Or try to.<\\/p>\",\"2\":\"\"}}', '2016-02-28 02:37:20', '2016-02-28 02:37:20', '81978a6a-cee7-4f14-aa65-759853e0d126'),
 ('10', '4', '3', '1', 'en_us', '7', '', '{\"typeId\":\"3\",\"authorId\":\"1\",\"title\":\"Web Development is like yoga\",\"slug\":\"web-dev-yoga\",\"postDate\":1456691400,\"expiryDate\":null,\"enabled\":1,\"parentId\":null,\"fields\":{\"1\":\"<p>We progress, we always progress. Or try to.<\\/p>\",\"2\":\"\"}}', '2016-02-28 02:46:07', '2016-02-28 02:46:07', 'fa591b24-8805-49c6-bb14-9bd769a31c25'),
 ('11', '4', '3', '1', 'en_us', '8', '', '{\"typeId\":\"3\",\"authorId\":\"1\",\"title\":\"Web Development is like yoga\",\"slug\":\"web-dev-yoga\",\"postDate\":1456691400,\"expiryDate\":null,\"enabled\":1,\"parentId\":null,\"fields\":{\"1\":\"<p>We progress, we always progress. Or try to.<\\/p>\",\"2\":\"\"}}', '2016-02-28 02:46:10', '2016-02-28 02:46:10', 'e178f9a9-c194-4b2d-8ba1-2c55b5280369'),
 ('12', '4', '3', '1', 'en_us', '9', '', '{\"typeId\":\"3\",\"authorId\":\"1\",\"title\":\"Web Development is like yoga\",\"slug\":\"web-dev-yoga\",\"postDate\":1456691400,\"expiryDate\":null,\"enabled\":1,\"parentId\":null,\"fields\":{\"1\":\"<p>We progress, we always progress. Or try to.<\\/p>\",\"2\":[\"5\",\"6\",\"7\"]}}', '2016-02-28 02:52:40', '2016-02-28 02:52:40', '97878a0d-dddf-4c11-9872-558d44537901'),
 ('13', '4', '3', '1', 'en_us', '10', '', '{\"typeId\":\"3\",\"authorId\":\"1\",\"title\":\"Web Development is like yoga\",\"slug\":\"web-dev-yoga\",\"postDate\":1456635600,\"expiryDate\":null,\"enabled\":1,\"parentId\":null,\"fields\":{\"1\":\"<p>We progress, we always progress. Or try to.<\\/p>\",\"2\":[\"5\",\"6\",\"7\"]}}', '2016-02-28 02:53:40', '2016-02-28 02:53:40', 'd116ac75-b9cd-4d48-8927-0ce1ecdc4696'),
 ('14', '4', '3', '1', 'en_us', '11', '', '{\"typeId\":\"3\",\"authorId\":\"1\",\"title\":\"Web Development is like yoga\",\"slug\":\"web-dev-yoga\",\"postDate\":1456549200,\"expiryDate\":null,\"enabled\":1,\"parentId\":null,\"fields\":{\"1\":\"<p>We progress, we always progress. Or try to.<\\/p>\",\"2\":[\"5\",\"6\",\"7\"]}}', '2016-02-28 02:54:00', '2016-02-28 02:54:00', '57ca7790-7f86-4224-b9b8-0719b69c61c1'),
 ('15', '4', '3', '1', 'en_us', '12', '', '{\"typeId\":\"3\",\"authorId\":\"1\",\"title\":\"Web Development is like yoga\",\"slug\":\"web-dev-yoga\",\"postDate\":1456549200,\"expiryDate\":null,\"enabled\":1,\"parentId\":null,\"fields\":{\"1\":\"<p>We progress, we always progress. Or try to.<\\/p>\",\"2\":[\"5\",\"6\",\"7\"]}}', '2016-02-28 02:54:10', '2016-02-28 02:54:10', '18c904f0-0330-446a-b12e-a871b232af75'),
 ('16', '2', '1', '1', 'en_us', '3', '', '{\"typeId\":\"1\",\"authorId\":null,\"title\":\"Welcome to Localhost!\",\"slug\":\"homepage\",\"postDate\":1461893119,\"expiryDate\":null,\"enabled\":1,\"parentId\":null,\"fields\":{\"1\":\"<p>It\\u2019s true, this site doesn\\u2019t have a whole lot of content yet, but don\\u2019t worry. Our web developers have just installed the CMS, and they\\u2019re setting things up for the content editors this very moment. Soon Localhost will be an oasis of fresh perspectives, sharp analyses, and astute opinions that will keep you coming back again and again.<\\/p>\",\"3\":\"Jaymee.\",\"4\":\"\",\"2\":\"\"}}', '2016-04-29 01:27:31', '2016-04-29 01:27:31', '80675adc-5b5b-453a-bff2-ba4ec85cddd0'),
 ('17', '2', '1', '1', 'en_us', '4', '', '{\"typeId\":\"1\",\"authorId\":null,\"title\":\"jaymee.info - homepage\",\"slug\":\"homepage\",\"postDate\":1461893119,\"expiryDate\":null,\"enabled\":1,\"parentId\":null,\"fields\":{\"1\":\"<p>It\\u2019s true, this site doesn\\u2019t have a whole lot of content yet, but don\\u2019t worry. Our web developers have just installed the CMS, and they\\u2019re setting things up for the content editors this very moment. Soon Localhost will be an oasis of fresh perspectives, sharp analyses, and astute opinions that will keep you coming back again and again.<\\/p>\",\"3\":\"Jaymee.\",\"4\":\"Web Developer <br>\\r\\n& Designer.\",\"2\":\"\"}}', '2016-04-29 01:28:21', '2016-04-29 01:28:21', 'dd0072cf-cbef-44b1-9ae0-4420c3c4e26b'),
 ('18', '2', '1', '1', 'en_us', '5', '', '{\"typeId\":\"1\",\"authorId\":null,\"title\":\"jaymee.info - homepage\",\"slug\":\"homepage\",\"postDate\":1461893119,\"expiryDate\":null,\"enabled\":1,\"parentId\":null,\"fields\":{\"1\":\"<p>It\\u2019s true, this site doesn\\u2019t have a whole lot of content yet, but don\\u2019t worry. Our web developers have just installed the CMS, and they\\u2019re setting things up for the content editors this very moment. Soon Localhost will be an oasis of fresh perspectives, sharp analyses, and astute opinions that will keep you coming back again and again.<\\/p>\",\"3\":\"Jaymee.\",\"4\":\"Web Developer\\r\\n& Designer.\",\"2\":\"\"}}', '2016-04-29 01:28:34', '2016-04-29 01:28:34', 'af87166b-379a-4dfb-8d27-35b4087c4c45'),
 ('19', '2', '1', '1', 'en_us', '6', '', '{\"typeId\":\"1\",\"authorId\":null,\"title\":\"jaymee.info - homepage\",\"slug\":\"homepage\",\"postDate\":1461893119,\"expiryDate\":null,\"enabled\":1,\"parentId\":null,\"fields\":{\"1\":\"<p>It\\u2019s true, this site doesn\\u2019t have a whole lot of content yet, but don\\u2019t worry. Our web developers have just installed the CMS, and they\\u2019re setting things up for the content editors this very moment. Soon Localhost will be an oasis of fresh perspectives, sharp analyses, and astute opinions that will keep you coming back again and again.<\\/p>\",\"3\":\"Jaymee.\",\"4\":\"Web Developer\\r\\n\\r\\n& Designer.\",\"2\":\"\"}}', '2016-04-29 01:28:47', '2016-04-29 01:28:47', '25863d2d-97f5-4046-80ad-3ab24f959299'),
 ('20', '2', '1', '1', 'en_us', '7', '', '{\"typeId\":\"1\",\"authorId\":null,\"title\":\"jaymee.info - homepage\",\"slug\":\"homepage\",\"postDate\":1461893119,\"expiryDate\":null,\"enabled\":1,\"parentId\":null,\"fields\":{\"1\":\"<p>It\\u2019s true, this site doesn\\u2019t have a whole lot of content yet, but don\\u2019t worry. Our web developers have just installed the CMS, and they\\u2019re setting things up for the content editors this very moment. Soon Localhost will be an oasis of fresh perspectives, sharp analyses, and astute opinions that will keep you coming back again and again.<\\/p>\",\"3\":\"Jaymee.\",\"4\":\"Web Developer<\\/br>\\r\\n& Designer.\",\"2\":\"\"}}', '2016-04-29 01:29:04', '2016-04-29 01:29:04', 'bc773322-30ee-40a6-b327-30be24c729c5'),
 ('21', '2', '1', '1', 'en_us', '8', '', '{\"typeId\":\"1\",\"authorId\":null,\"title\":\"jaymee.info - homepage\",\"slug\":\"homepage\",\"postDate\":1461893119,\"expiryDate\":null,\"enabled\":1,\"parentId\":null,\"fields\":{\"1\":\"<p>It\\u2019s true, this site doesn\\u2019t have a whole lot of content yet, but don\\u2019t worry. Our web developers have just installed the CMS, and they\\u2019re setting things up for the content editors this very moment. Soon Localhost will be an oasis of fresh perspectives, sharp analyses, and astute opinions that will keep you coming back again and again.<\\/p>\",\"3\":\"Jaymee.\",\"4\":\"Web Developer\\r\\n& Designer.\",\"2\":\"\"}}', '2016-04-29 01:29:13', '2016-04-29 01:29:13', '287de033-6070-4bc7-88a5-56366a6dcc89'),
 ('22', '2', '1', '1', 'en_us', '9', '', '{\"typeId\":\"1\",\"authorId\":null,\"title\":\"jaymee.info - homepage\",\"slug\":\"homepage\",\"postDate\":1461893119,\"expiryDate\":null,\"enabled\":1,\"parentId\":null,\"fields\":{\"1\":\"<p>I make the web.&nbsp;I build rad websites and user interfaces. You can check out some of my projects at the links below.<\\/p>\",\"3\":\"Jaymee.\",\"4\":\"Web Developer\\r\\n& Designer.\",\"2\":\"\"}}', '2016-04-29 01:30:50', '2016-04-29 01:30:50', '1ac82da4-a4b2-4487-86e2-f06f36e574fe'),
 ('23', '2', '1', '1', 'en_us', '10', '', '{\"typeId\":\"1\",\"authorId\":null,\"title\":\"jaymee.info - homepage\",\"slug\":\"homepage\",\"postDate\":1461893119,\"expiryDate\":null,\"enabled\":1,\"parentId\":null,\"fields\":{\"1\":\"<p>I make the web.&nbsp;I build rad websites and user interfaces. You can check out some of my projects at the links below.<br><br><br>Experienced in html5 css3 photoshop javascript jquery php sass git twig gulp<\\/p>\",\"3\":\"Jaymee.\",\"4\":\"Web Developer\\r\\n& Designer.\",\"2\":\"\"}}', '2016-04-29 01:32:15', '2016-04-29 01:32:15', '0d4af08f-a95d-49d3-9b69-855d375bfd58'),
 ('24', '2', '1', '1', 'en_us', '11', '', '{\"typeId\":\"1\",\"authorId\":null,\"title\":\"jaymee.info - homepage\",\"slug\":\"homepage\",\"postDate\":1461893119,\"expiryDate\":null,\"enabled\":1,\"parentId\":null,\"fields\":{\"1\":\"<p>Experienced in html5 css3 photoshop javascript jquery php sass git twig gulp<\\/p>\",\"3\":\"Jaymee.\",\"4\":\"Web Developer\\r\\n& Designer.\",\"2\":\"\"}}', '2016-04-29 01:32:57', '2016-04-29 01:32:57', 'f24b5b37-c46e-4a0d-a2a6-e32e97a9d805'),
 ('25', '2', '1', '1', 'en_us', '12', '', '{\"typeId\":\"1\",\"authorId\":null,\"title\":\"jaymee.info - homepage\",\"slug\":\"homepage\",\"postDate\":1461893119,\"expiryDate\":null,\"enabled\":1,\"parentId\":null,\"fields\":{\"1\":\"<p>test<\\/p>\",\"3\":\"Jaymee.\",\"5\":{\"new1\":{\"type\":\"infoContent\",\"enabled\":\"1\",\"fields\":{\"heading\":\"I make the web. I build rad websites and user interfaces. You can check out some of my projects at the links below.\",\"subheading\":\"Experienced in html5 css3 photoshop javascript jquery php sass git twig gulp\"}}},\"4\":\"Web Developer\\r\\n& Designer.\",\"2\":\"\"}}', '2016-04-29 01:48:09', '2016-04-29 01:48:09', 'e8b4308b-bbc4-4f83-a236-86cd814e2a6f'),
 ('26', '2', '1', '1', 'en_us', '13', '', '{\"typeId\":\"1\",\"authorId\":null,\"title\":\"jaymee.info - homepage\",\"slug\":\"homepage\",\"postDate\":1461893119,\"expiryDate\":null,\"enabled\":1,\"parentId\":null,\"fields\":{\"1\":\"<p>test<\\/p>\",\"3\":\"Jaymee.\",\"5\":{\"8\":{\"type\":\"infoContent\",\"enabled\":\"1\",\"fields\":{\"heading\":\"I make the web. I build rad websites and user interfaces. You can check out some of my projects at the links below.\",\"subheading\":\"Experienced in html5 css3 photoshop javascript jquery php sass git twig gulp\"}}},\"4\":\"Web Developer\\r\\n& Designer.\",\"2\":\"\"}}', '2016-04-29 01:48:22', '2016-04-29 01:48:22', 'dfe4cfec-387f-41d7-9cae-3e88f06cbde6'),
 ('27', '2', '1', '1', 'en_us', '14', '', '{\"typeId\":\"1\",\"authorId\":null,\"title\":\"jaymee.info - homepage\",\"slug\":\"homepage\",\"postDate\":1461893119,\"expiryDate\":null,\"enabled\":1,\"parentId\":null,\"fields\":{\"1\":\"<p>test<\\/p>\",\"3\":\"Jaymee.\",\"5\":{\"8\":{\"type\":\"infoContent\",\"enabled\":\"1\",\"fields\":{\"heading\":\"I make the web. I build rad websites and user interfaces. You can check out some of my projects at the links below.\",\"subheading\":\"Experienced in html5 css3 photoshop javascript jquery php sass git twig gulp\"}}},\"4\":\"Web Developer\\r\\n& Designer.\",\"2\":\"\"}}', '2016-04-29 01:50:47', '2016-04-29 01:50:47', 'beefd865-81cb-4883-800c-c5dafcfc694c'),
 ('28', '2', '1', '1', 'en_us', '15', '', '{\"typeId\":\"1\",\"authorId\":null,\"title\":\"jaymee.info - homepage\",\"slug\":\"homepage\",\"postDate\":1461893119,\"expiryDate\":null,\"enabled\":1,\"parentId\":null,\"fields\":{\"1\":\"<p>test<\\/p>\",\"3\":\"Jaymee.\",\"5\":{\"8\":{\"type\":\"infoContent\",\"enabled\":\"1\",\"fields\":{\"heading\":\"I make the web. I build rad websites and user interfaces. You can check out some of my projects at the links below.\",\"subheading\":\"Experienced in html5 css3 photoshop javascript jquery php sass git twig gulp\"}}},\"4\":\"Web Developer\\r\\n& Designer.\",\"2\":\"\"}}', '2016-04-29 01:51:33', '2016-04-29 01:51:33', 'be9aad1a-cc0c-4aaf-8e27-b614c942ccb6'),
 ('29', '2', '1', '1', 'en_us', '16', '', '{\"typeId\":\"1\",\"authorId\":null,\"title\":\"jaymee.info - homepage\",\"slug\":\"homepage\",\"postDate\":1461893119,\"expiryDate\":null,\"enabled\":1,\"parentId\":null,\"fields\":{\"1\":\"<p><a href=\\\"https:\\/\\/github.com\\/hellojaymee\\\">github<\\/a><\\/p>\",\"3\":\"Jaymee.\",\"5\":{\"8\":{\"type\":\"headers\",\"enabled\":\"1\",\"fields\":{\"heading\":\"I make the web. I build rad websites and user interfaces. You can check out some of my projects at the links below.\",\"subheading\":\"Experienced in html5 css3 photoshop javascript jquery php sass git twig gulp\"}}},\"4\":\"Web Developer\\r\\n& Designer.\",\"2\":\"\"}}', '2016-04-29 02:12:19', '2016-04-29 02:12:19', 'f89d6851-3508-4025-a93e-dbea0eea470f'),
 ('30', '2', '1', '1', 'en_us', '17', '', '{\"typeId\":\"1\",\"authorId\":null,\"title\":\"jaymee.info - homepage\",\"slug\":\"homepage\",\"postDate\":1461893119,\"expiryDate\":null,\"enabled\":1,\"parentId\":null,\"fields\":{\"1\":\"   <a class=\\\"button\\\" href=\\\"https:\\/\\/github.com\\/hellojaymee\\\">github<\\/a>\\r\\n    <a class=\\\"button\\\" href=\\\"http:\\/\\/codepen.io\\/hellojaymee\\/\\\">codepen<\\/a>\\r\\n    <a class=\\\"button\\\" href=\\\"https:\\/\\/twitter.com\\/hellojaymee\\\">twitter<\\/a>\\r\\n    <a class=\\\"button\\\" href=\\\"https:\\/\\/www.linkedin.com\\/in\\/jaymeerobertson\\\">linkedin<\\/a>\",\"3\":\"Jaymee.\",\"5\":{\"8\":{\"type\":\"headers\",\"enabled\":\"1\",\"fields\":{\"heading\":\"I make the web. I build rad websites and user interfaces. You can check out some of my projects at the links below.\",\"subheading\":\"Experienced in html5 css3 photoshop javascript jquery php sass git twig gulp\"}}},\"4\":\"Web Developer\\r\\n& Designer.\",\"2\":\"\"}}', '2016-04-29 02:19:31', '2016-04-29 02:19:31', '38b3879f-bb8c-436f-bbe6-b47825d0d00f'),
 ('31', '2', '1', '1', 'en_us', '18', '', '{\"typeId\":\"1\",\"authorId\":null,\"title\":\"jaymee.info - homepage\",\"slug\":\"homepage\",\"postDate\":1461893119,\"expiryDate\":null,\"enabled\":1,\"parentId\":null,\"fields\":{\"1\":\"<p><a class=\\\"button\\\" href=\\\"https:\\/\\/github.com\\/hellojaymee\\\">github<\\/a><br> <a class=\\\"button\\\" href=\\\"http:\\/\\/codepen.io\\/hellojaymee\\/\\\">codepen<\\/a><br> <a class=\\\"button\\\" href=\\\"https:\\/\\/twitter.com\\/hellojaymee\\\">twitter<\\/a><br> <a class=\\\"button\\\" href=\\\"https:\\/\\/www.linkedin.com\\/in\\/jaymeerobertson\\\">linkedin<\\/a><\\/p>\",\"3\":\"Jaymee.\",\"5\":{\"8\":{\"type\":\"headers\",\"enabled\":\"1\",\"fields\":{\"heading\":\"I make the web. I build rad websites and user interfaces. You can check out some of my projects at the links below.\",\"subheading\":\"Experienced in html5 css3 photoshop javascript jquery php sass git twig gulp\"}}},\"4\":\"Web Developer\\r\\n& Designer.\",\"2\":\"\"}}', '2016-04-29 02:20:11', '2016-04-29 02:20:11', 'd363cc89-29b2-4fe9-ab55-11698b4b1272'),
 ('32', '2', '1', '1', 'en_us', '19', '', '{\"typeId\":\"1\",\"authorId\":null,\"title\":\"jaymee.info - homepage\",\"slug\":\"homepage\",\"postDate\":1461893119,\"expiryDate\":null,\"enabled\":1,\"parentId\":null,\"fields\":{\"1\":\"<a class=\\\"button\\\" href=\\\"https:\\/\\/github.com\\/hellojaymee\\\">github<\\/a><br><a class=\\\"button\\\" href=\\\"http:\\/\\/codepen.io\\/hellojaymee\\/\\\">codepen<\\/a><br><a class=\\\"button\\\" href=\\\"https:\\/\\/twitter.com\\/hellojaymee\\\">twitter<\\/a><br><a class=\\\"button\\\" href=\\\"https:\\/\\/www.linkedin.com\\/in\\/jaymeerobertson\\\">linkedin<\\/a>\",\"3\":\"Jaymee.\",\"5\":{\"8\":{\"type\":\"headers\",\"enabled\":\"1\",\"fields\":{\"heading\":\"I make the web. I build rad websites and user interfaces. You can check out some of my projects at the links below.\",\"subheading\":\"Experienced in html5 css3 photoshop javascript jquery php sass git twig gulp\"}}},\"4\":\"Web Developer\\r\\n& Designer.\",\"2\":\"\"}}', '2016-04-29 02:20:26', '2016-04-29 02:20:26', 'eb08bde5-0e99-4fe5-b77a-56a486dca1a4'),
 ('33', '2', '1', '1', 'en_us', '20', '', '{\"typeId\":\"1\",\"authorId\":null,\"title\":\"jaymee.info - homepage\",\"slug\":\"homepage\",\"postDate\":1461893119,\"expiryDate\":null,\"enabled\":1,\"parentId\":null,\"fields\":{\"1\":\"<p><a class=\\\"button\\\" href=\\\"https:\\/\\/github.com\\/hellojaymee\\\">github<\\/a><br><a class=\\\"button\\\" href=\\\"http:\\/\\/codepen.io\\/hellojaymee\\/\\\">codepen<\\/a><br><a class=\\\"button\\\" href=\\\"https:\\/\\/twitter.com\\/hellojaymee\\\">twitter<\\/a><br><a class=\\\"button\\\" href=\\\"https:\\/\\/www.linkedin.com\\/in\\/jaymeerobertson\\\">linkedin<\\/a><\\/p>\",\"3\":\"Jaymee.\",\"5\":{\"8\":{\"type\":\"headers\",\"enabled\":\"1\",\"fields\":{\"heading\":\"I make the web. I build rad websites and user interfaces. You can check out some of my projects at the links below.\",\"subheading\":\"Experienced in html5 css3 photoshop javascript jquery php sass git twig gulp\"}}},\"4\":\"Web Developer\\r\\n& Designer.\",\"2\":\"\",\"8\":{\"new1\":{\"type\":\"headers\",\"enabled\":\"1\",\"fields\":{\"heading\":\"My Work.\",\"text\":\"<p>&nbsp; &nbsp;<\\/p><p>Unless noted otherwise, all theme design rights go to the talented <a href=\\\"http:\\/\\/culture.firespring.com\\/people\\/team\\/creative\\\">Creative<\\/a> team at <a href=\\\"http:\\/\\/www.firespring.com\\/\\\">Firespring<\\/a>.<\\/p>\"}}}}}', '2016-04-29 02:25:59', '2016-04-29 02:25:59', '7f7b820e-69a1-4199-ae6c-59d99badbec4'),
 ('34', '2', '1', '1', 'en_us', '21', '', '{\"typeId\":\"1\",\"authorId\":null,\"title\":\"jaymee.info - homepage\",\"slug\":\"homepage\",\"postDate\":1461893119,\"expiryDate\":null,\"enabled\":1,\"parentId\":null,\"fields\":{\"1\":\"<p><a class=\\\"button\\\" href=\\\"https:\\/\\/github.com\\/hellojaymee\\\">github<\\/a><br><a class=\\\"button\\\" href=\\\"http:\\/\\/codepen.io\\/hellojaymee\\/\\\">codepen<\\/a><br><a class=\\\"button\\\" href=\\\"https:\\/\\/twitter.com\\/hellojaymee\\\">twitter<\\/a><br><a class=\\\"button\\\" href=\\\"https:\\/\\/www.linkedin.com\\/in\\/jaymeerobertson\\\">linkedin<\\/a><\\/p>\",\"3\":\"Jaymee.\",\"5\":{\"8\":{\"type\":\"headers\",\"enabled\":\"1\",\"fields\":{\"heading\":\"I make the web. I build rad websites and user interfaces. You can check out some of my projects at the links below.\",\"subheading\":\"Experienced in html5 css3 photoshop javascript jquery php sass git twig gulp\"}}},\"4\":\"Web Developer\\r\\n& Designer.\",\"2\":\"\",\"8\":{\"9\":{\"type\":\"headers\",\"enabled\":\"1\",\"fields\":{\"heading\":\"My Work.\",\"text\":\"<p>test<\\/p>\"}}}}}', '2016-04-29 02:28:43', '2016-04-29 02:28:43', 'cf20be13-ee87-4782-ab7e-cc375a663150'),
 ('35', '2', '1', '1', 'en_us', '22', '', '{\"typeId\":\"1\",\"authorId\":null,\"title\":\"jaymee.info - homepage\",\"slug\":\"homepage\",\"postDate\":1461893119,\"expiryDate\":null,\"enabled\":1,\"parentId\":null,\"fields\":{\"1\":\"<p><a class=\\\"button\\\" href=\\\"https:\\/\\/github.com\\/hellojaymee\\\">github<\\/a><br><a class=\\\"button\\\" href=\\\"http:\\/\\/codepen.io\\/hellojaymee\\/\\\">codepen<\\/a><br><a class=\\\"button\\\" href=\\\"https:\\/\\/twitter.com\\/hellojaymee\\\">twitter<\\/a><br><a class=\\\"button\\\" href=\\\"https:\\/\\/www.linkedin.com\\/in\\/jaymeerobertson\\\">linkedin<\\/a><\\/p>\",\"3\":\"Jaymee.\",\"5\":{\"8\":{\"type\":\"headers\",\"enabled\":\"1\",\"fields\":{\"heading\":\"I make the web. I build rad websites and user interfaces. You can check out some of my projects at the links below.\",\"subheading\":\"Experienced in html5 css3 photoshop javascript jquery php sass git twig gulp\"}}},\"4\":\"Web Developer\\r\\n& Designer.\",\"2\":\"\",\"8\":{\"9\":{\"type\":\"headers\",\"enabled\":\"1\",\"fields\":{\"heading\":\"My Work.\",\"text\":\"<p>test<\\/p>\"}}}}}', '2016-04-29 02:29:37', '2016-04-29 02:29:37', '66b73399-7c22-4e64-94e6-26ab610abf98'),
 ('36', '2', '1', '1', 'en_us', '23', '', '{\"typeId\":\"1\",\"authorId\":null,\"title\":\"jaymee.info - homepage\",\"slug\":\"homepage\",\"postDate\":1461893119,\"expiryDate\":null,\"enabled\":1,\"parentId\":null,\"fields\":{\"1\":\"<a class=\\\"button\\\" href=\\\"https:\\/\\/github.com\\/hellojaymee\\\">github<\\/a><br><a class=\\\"button\\\" href=\\\"http:\\/\\/codepen.io\\/hellojaymee\\/\\\">codepen<\\/a><br><a class=\\\"button\\\" href=\\\"https:\\/\\/twitter.com\\/hellojaymee\\\">twitter<\\/a><br><a class=\\\"button\\\" href=\\\"https:\\/\\/www.linkedin.com\\/in\\/jaymeerobertson\\\">linkedin<\\/a>\",\"3\":\"Jaymee.\",\"5\":{\"8\":{\"type\":\"headers\",\"enabled\":\"1\",\"fields\":{\"heading\":\"I make the web. I build rad websites and user interfaces. You can check out some of my projects at the links below.\",\"subheading\":\"Experienced in html5 css3 photoshop javascript jquery php sass git twig gulp\"}}},\"4\":\"Web Developer\\r\\n& Designer.\",\"2\":\"\",\"8\":{\"9\":{\"type\":\"headers\",\"enabled\":\"1\",\"fields\":{\"heading\":\"My Work.\",\"text\":\"<p>test<\\/p>\"}}}}}', '2016-04-29 02:29:53', '2016-04-29 02:29:53', '2cfab2cc-0142-4b00-9585-f0b0d5f3d1bf'),
 ('37', '2', '1', '1', 'en_us', '24', '', '{\"typeId\":\"1\",\"authorId\":null,\"title\":\"jaymee.info - homepage\",\"slug\":\"homepage\",\"postDate\":1461893119,\"expiryDate\":null,\"enabled\":1,\"parentId\":null,\"fields\":{\"1\":\"<p><a class=\\\"button\\\" href=\\\"https:\\/\\/github.com\\/hellojaymee\\\">github<\\/a><br><a class=\\\"button\\\" href=\\\"http:\\/\\/codepen.io\\/hellojaymee\\/\\\">codepen<\\/a><br><a class=\\\"button\\\" href=\\\"https:\\/\\/twitter.com\\/hellojaymee\\\">twitter<\\/a><br><a class=\\\"button\\\" href=\\\"https:\\/\\/www.linkedin.com\\/in\\/jaymeerobertson\\\">linkedin<\\/a><\\/p>\",\"3\":\"Jaymee.\",\"5\":{\"8\":{\"type\":\"headers\",\"enabled\":\"1\",\"fields\":{\"heading\":\"I make the web. I build rad websites and user interfaces. You can check out some of my projects at the links below.\",\"subheading\":\"Experienced in html5 css3 photoshop javascript jquery php sass git twig gulp\"}}},\"4\":\"Web Developer\\r\\n& Designer.\",\"2\":\"\",\"8\":{\"9\":{\"type\":\"headers\",\"enabled\":\"1\",\"fields\":{\"heading\":\"My Work.\",\"text\":\"<p>test<\\/p>\"}}}}}', '2016-04-29 02:30:48', '2016-04-29 02:30:48', 'fd1693ef-01f7-4157-a6f5-02fdc050d025'),
 ('38', '2', '1', '1', 'en_us', '25', '', '{\"typeId\":\"1\",\"authorId\":null,\"title\":\"jaymee.info - homepage\",\"slug\":\"homepage\",\"postDate\":1461893119,\"expiryDate\":null,\"enabled\":1,\"parentId\":null,\"fields\":{\"1\":\"<p><a class=\\\"button\\\" href=\\\"https:\\/\\/github.com\\/hellojaymee\\\">github<\\/a><br><a class=\\\"button\\\" href=\\\"http:\\/\\/codepen.io\\/hellojaymee\\/\\\">codepen<\\/a><br><a class=\\\"button\\\" href=\\\"https:\\/\\/twitter.com\\/hellojaymee\\\">twitter<\\/a><br><a class=\\\"button\\\" href=\\\"https:\\/\\/www.linkedin.com\\/in\\/jaymeerobertson\\\">linkedin<\\/a><\\/p>\",\"3\":\"Jaymee.\",\"5\":{\"8\":{\"type\":\"headers\",\"enabled\":\"1\",\"fields\":{\"heading\":\"I make the web. I build rad websites and user interfaces. You can check out some of my projects at the links below.\",\"subheading\":\"Experienced in html5 css3 photoshop javascript jquery php sass git twig gulp\"}}},\"4\":\"Web Developer\\r\\n& Designer.\",\"2\":\"\",\"8\":{\"9\":{\"type\":\"headers\",\"enabled\":\"1\",\"fields\":{\"heading\":\"My Work.\",\"text\":\"<p>&nbsp; &nbsp;<\\/p>\\r\\n\\r\\n<p>Unless noted otherwise, all theme design rights go to the talented&nbsp;<a href=\\\"http:\\/\\/culture.firespring.com\\/people\\/team\\/creative\\\">Creative<\\/a>&nbsp;team at&nbsp;<a href=\\\"http:\\/\\/www.firespring.com\\/\\\">Firespring<\\/a>.<\\/p>\"}},\"new1\":{\"type\":\"projects\",\"enabled\":\"1\",\"fields\":{\"heading\":\"\",\"list\":\"\"}}}}}', '2016-04-29 02:31:14', '2016-04-29 02:31:14', 'ff10eda5-7b4c-48c9-843e-1cea49563e66'),
 ('39', '2', '1', '1', 'en_us', '26', '', '{\"typeId\":\"1\",\"authorId\":null,\"title\":\"jaymee.info - homepage\",\"slug\":\"homepage\",\"postDate\":1461893119,\"expiryDate\":null,\"enabled\":1,\"parentId\":null,\"fields\":{\"1\":\"<p><a class=\\\"button\\\" href=\\\"https:\\/\\/github.com\\/hellojaymee\\\">github<\\/a><br><a class=\\\"button\\\" href=\\\"http:\\/\\/codepen.io\\/hellojaymee\\/\\\">codepen<\\/a><br><a class=\\\"button\\\" href=\\\"https:\\/\\/twitter.com\\/hellojaymee\\\">twitter<\\/a><br><a class=\\\"button\\\" href=\\\"https:\\/\\/www.linkedin.com\\/in\\/jaymeerobertson\\\">linkedin<\\/a><\\/p>\",\"3\":\"Jaymee.\",\"5\":{\"8\":{\"type\":\"headers\",\"enabled\":\"1\",\"fields\":{\"heading\":\"I make the web. I build rad websites and user interfaces. You can check out some of my projects at the links below.\",\"subheading\":\"Experienced in html5 css3 photoshop javascript jquery php sass git twig gulp\"}}},\"4\":\"Web Developer\\r\\n& Designer.\",\"8\":{\"9\":{\"type\":\"headers\",\"enabled\":\"1\",\"fields\":{\"heading\":\"My Work.\",\"text\":\"<p>Unless noted otherwise, all theme design rights go to the talented&nbsp;<a href=\\\"http:\\/\\/culture.firespring.com\\/people\\/team\\/creative\\\">Creative<\\/a>&nbsp;team at&nbsp;<a href=\\\"http:\\/\\/www.firespring.com\\/\\\">Firespring<\\/a>.<\\/p>\"}},\"10\":{\"type\":\"projects\",\"enabled\":\"1\",\"fields\":{\"heading\":\"\",\"list\":\"\"}}}}}', '2016-04-29 02:35:29', '2016-04-29 02:35:29', 'afdb7035-f757-4cfe-8b56-fd83b930b9a6'),
 ('40', '2', '1', '1', 'en_us', '27', '', '{\"typeId\":\"1\",\"authorId\":null,\"title\":\"jaymee.info - homepage\",\"slug\":\"homepage\",\"postDate\":1461893119,\"expiryDate\":null,\"enabled\":1,\"parentId\":null,\"fields\":{\"1\":\"<p><a class=\\\"button\\\" href=\\\"https:\\/\\/github.com\\/hellojaymee\\\">github<\\/a><br><a class=\\\"button\\\" href=\\\"http:\\/\\/codepen.io\\/hellojaymee\\/\\\">codepen<\\/a><br><a class=\\\"button\\\" href=\\\"https:\\/\\/twitter.com\\/hellojaymee\\\">twitter<\\/a><br><a class=\\\"button\\\" href=\\\"https:\\/\\/www.linkedin.com\\/in\\/jaymeerobertson\\\">linkedin<\\/a><\\/p>\",\"3\":\"Jaymee.\",\"5\":{\"8\":{\"type\":\"headers\",\"enabled\":\"1\",\"fields\":{\"heading\":\"I make the web. I build rad websites and user interfaces. You can check out some of my projects at the links below.\",\"subheading\":\"Experienced in html5 css3 photoshop javascript jquery php sass git twig gulp\"}}},\"4\":\"Web Developer\\r\\n& Designer.\",\"8\":{\"9\":{\"type\":\"headers\",\"enabled\":\"1\",\"fields\":{\"heading\":\"My Work.\",\"text\":\"<p>Unless noted otherwise, all theme design rights go to the talented&nbsp;<a href=\\\"http:\\/\\/culture.firespring.com\\/people\\/team\\/creative\\\">Creative<\\/a>&nbsp;team at&nbsp;<a href=\\\"http:\\/\\/www.firespring.com\\/\\\">Firespring<\\/a>.<\\/p>\"}},\"10\":{\"type\":\"projects\",\"enabled\":\"1\",\"fields\":{\"heading\":\"Themes\",\"list\":\"\"}}}}}', '2016-04-29 02:37:35', '2016-04-29 02:37:35', 'e374d35a-5dd6-4b53-a513-cb23f2787024'),
 ('41', '2', '1', '1', 'en_us', '28', '', '{\"typeId\":\"1\",\"authorId\":null,\"title\":\"jaymee.info - homepage\",\"slug\":\"homepage\",\"postDate\":1461893119,\"expiryDate\":null,\"enabled\":1,\"parentId\":null,\"fields\":{\"1\":\"<p><a class=\\\"button\\\" href=\\\"https:\\/\\/github.com\\/hellojaymee\\\">github<\\/a><br><a class=\\\"button\\\" href=\\\"http:\\/\\/codepen.io\\/hellojaymee\\/\\\">codepen<\\/a><br><a class=\\\"button\\\" href=\\\"https:\\/\\/twitter.com\\/hellojaymee\\\">twitter<\\/a><br><a class=\\\"button\\\" href=\\\"https:\\/\\/www.linkedin.com\\/in\\/jaymeerobertson\\\">linkedin<\\/a><\\/p>\",\"3\":\"Jaymee.\",\"5\":{\"8\":{\"type\":\"headers\",\"enabled\":\"1\",\"fields\":{\"heading\":\"I make the web. I build rad websites and user interfaces. You can check out some of my projects at the links below.\",\"subheading\":\"Experienced in html5 css3 photoshop javascript jquery php sass git twig gulp\"}}},\"4\":\"Web Developer\\r\\n& Designer.\",\"8\":{\"9\":{\"type\":\"headers\",\"enabled\":\"1\",\"fields\":{\"heading\":\"My Work.\",\"text\":\"<p>Unless noted otherwise, all theme design rights go to the talented&nbsp;<a href=\\\"http:\\/\\/culture.firespring.com\\/people\\/team\\/creative\\\">Creative<\\/a>&nbsp;team at&nbsp;<a href=\\\"http:\\/\\/www.firespring.com\\/\\\">Firespring<\\/a>.<\\/p>\"}},\"10\":{\"type\":\"projects\",\"enabled\":\"1\",\"fields\":{\"heading\":\"Themes\",\"list\":\"<p>&nbsp; &nbsp; &lt;ul&gt;<br>&nbsp; &nbsp; &nbsp; &nbsp; <\\/p><li><a href=\\\"http:\\/\\/aria.firespring.org\\/\\\">Aria<\\/a><\\/li>&nbsp; &nbsp; &nbsp; &nbsp; <li><a href=\\\"http:\\/\\/essence.printerpresence.com\\/\\\">Essence<\\/a><\\/li>&nbsp; &nbsp; &nbsp; &nbsp; <li><a href=\\\"http:\\/\\/jaymee-plateau.presencehost.net\\/\\\">Plateau<\\/a><\\/li>&nbsp; &nbsp; &nbsp; &nbsp; <li><a href=\\\"http:\\/\\/instinct.firespring.org\\/\\\">Instinct<\\/a><\\/li>&nbsp; &nbsp; &nbsp; &nbsp; <li><a href=\\\"http:\\/\\/skyline.firespring.org\\/\\\">Skyline<\\/a><\\/li>&nbsp; &nbsp; &nbsp; <!-- \\u00a0 \\u00a0 \\u00a0 <li><a href=\\\"http:\\/\\/nourish.firespring.org\\/\\\">Nourish<\\/a><\\/li>--><br>&nbsp; &nbsp; &nbsp; <li><\\/li>&nbsp; &nbsp; &lt;\\/ul&gt;\"}}}}}', '2016-04-29 02:38:51', '2016-04-29 02:38:51', '4b857efb-5077-4a61-92ed-eb7ed182487c'),
 ('42', '2', '1', '1', 'en_us', '29', '', '{\"typeId\":\"1\",\"authorId\":null,\"title\":\"jaymee.info - homepage\",\"slug\":\"homepage\",\"postDate\":1461893119,\"expiryDate\":null,\"enabled\":1,\"parentId\":null,\"fields\":{\"1\":\"<p><a class=\\\"button\\\" href=\\\"https:\\/\\/github.com\\/hellojaymee\\\">github<\\/a><br><a class=\\\"button\\\" href=\\\"http:\\/\\/codepen.io\\/hellojaymee\\/\\\">codepen<\\/a><br><a class=\\\"button\\\" href=\\\"https:\\/\\/twitter.com\\/hellojaymee\\\">twitter<\\/a><br><a class=\\\"button\\\" href=\\\"https:\\/\\/www.linkedin.com\\/in\\/jaymeerobertson\\\">linkedin<\\/a><\\/p>\",\"3\":\"Jaymee.\",\"5\":{\"8\":{\"type\":\"headers\",\"enabled\":\"1\",\"fields\":{\"heading\":\"I make the web. I build rad websites and user interfaces. You can check out some of my projects at the links below.\",\"subheading\":\"Experienced in html5 css3 photoshop javascript jquery php sass git twig gulp\"}}},\"4\":\"Web Developer\\r\\n& Designer.\",\"8\":{\"9\":{\"type\":\"headers\",\"enabled\":\"1\",\"fields\":{\"heading\":\"My Work.\",\"text\":\"<p>Unless noted otherwise, all theme design rights go to the talented&nbsp;<a href=\\\"http:\\/\\/culture.firespring.com\\/people\\/team\\/creative\\\">Creative<\\/a>&nbsp;team at&nbsp;<a href=\\\"http:\\/\\/www.firespring.com\\/\\\">Firespring<\\/a>.<\\/p>\"}},\"10\":{\"type\":\"projects\",\"enabled\":\"1\",\"fields\":{\"heading\":\"Themes\",\"list\":\"<p>&nbsp; &nbsp; &lt;ul&gt;<br>&nbsp; &nbsp; &nbsp; &nbsp; <\\/p>\\r\\n\\r\\n<p><a href=\\\"http:\\/\\/aria.firespring.org\\/\\\">Aria<\\/a>&nbsp; &nbsp; &nbsp; &nbsp; <a href=\\\"http:\\/\\/essence.printerpresence.com\\/\\\">Essence<\\/a>&nbsp; &nbsp; &nbsp; &nbsp; <a href=\\\"http:\\/\\/jaymee-plateau.presencehost.net\\/\\\">Plateau<\\/a>&nbsp; &nbsp; &nbsp; &nbsp; <a href=\\\"http:\\/\\/instinct.firespring.org\\/\\\">Instinct<\\/a>&nbsp; &nbsp; &nbsp; &nbsp; <a href=\\\"http:\\/\\/skyline.firespring.org\\/\\\">Skyline<\\/a>&nbsp; &nbsp; &nbsp; <br>&nbsp; &nbsp; &nbsp; &nbsp; &nbsp; &lt;\\/ul&gt;<\\/p>\"}},\"new1\":{\"type\":\"headers\",\"enabled\":\"1\",\"fields\":{\"heading\":\"Projects\",\"text\":\"<p>&nbsp; &nbsp; &lt;ul&gt;<br>&nbsp; &nbsp; &nbsp; <\\/p><li><a href=\\\"https:\\/\\/github.com\\/tylerfowle\\/veegee\\\">VeeGee<\\/a><\\/li>&nbsp; &nbsp; &nbsp; <li><a href=\\\"https:\\/\\/github.com\\/codyjarvis\\/HarvTrack\\\">HarvTrack<\\/a><\\/li>&nbsp; &nbsp; &nbsp; <li><a href=\\\"https:\\/\\/github.com\\/hellojaymee\\/flexySlider\\\">flexySlider<\\/a><\\/li>&nbsp; &nbsp; &nbsp; <li><a href=\\\"https:\\/\\/bitbucket.org\\/hellojaymee\\/jaymee.info\\\">jaymee.info<\\/a><\\/li>&nbsp; &nbsp; &lt;\\/ul&gt;\"}}}}}', '2016-04-29 02:42:13', '2016-04-29 02:42:13', '4aee3de1-02f2-4d6f-bce7-2b2af75a37ad'),
 ('43', '2', '1', '1', 'en_us', '30', '', '{\"typeId\":\"1\",\"authorId\":null,\"title\":\"jaymee.info - homepage\",\"slug\":\"homepage\",\"postDate\":1461893119,\"expiryDate\":null,\"enabled\":1,\"parentId\":null,\"fields\":{\"1\":\"<p><a class=\\\"button\\\" href=\\\"https:\\/\\/github.com\\/hellojaymee\\\">github<\\/a><br><a class=\\\"button\\\" href=\\\"http:\\/\\/codepen.io\\/hellojaymee\\/\\\">codepen<\\/a><br><a class=\\\"button\\\" href=\\\"https:\\/\\/twitter.com\\/hellojaymee\\\">twitter<\\/a><br><a class=\\\"button\\\" href=\\\"https:\\/\\/www.linkedin.com\\/in\\/jaymeerobertson\\\">linkedin<\\/a><\\/p>\",\"3\":\"Jaymee.\",\"5\":{\"8\":{\"type\":\"headers\",\"enabled\":\"1\",\"fields\":{\"heading\":\"I make the web. I build rad websites and user interfaces. You can check out some of my projects at the links below.\",\"subheading\":\"Experienced in html5 css3 photoshop javascript jquery php sass git twig gulp\"}}},\"4\":\"Web Developer\\r\\n& Designer.\",\"8\":{\"9\":{\"type\":\"headers\",\"enabled\":\"1\",\"fields\":{\"heading\":\"My Work.\",\"text\":\"<p>Unless noted otherwise, all theme design rights go to the talented&nbsp;<a href=\\\"http:\\/\\/culture.firespring.com\\/people\\/team\\/creative\\\">Creative<\\/a>&nbsp;team at&nbsp;<a href=\\\"http:\\/\\/www.firespring.com\\/\\\">Firespring<\\/a>.<\\/p>\"}},\"10\":{\"type\":\"themes\",\"enabled\":\"1\",\"fields\":{\"heading\":\"Themes\",\"list\":\"<p>&nbsp; &nbsp; &lt;ul&gt;<br>&nbsp; &nbsp; &nbsp; &nbsp; <\\/p>\\r\\n\\r\\n<p><a href=\\\"http:\\/\\/aria.firespring.org\\/\\\">Aria<\\/a>&nbsp; &nbsp; &nbsp; &nbsp; <a href=\\\"http:\\/\\/essence.printerpresence.com\\/\\\">Essence<\\/a>&nbsp; &nbsp; &nbsp; &nbsp; <a href=\\\"http:\\/\\/jaymee-plateau.presencehost.net\\/\\\">Plateau<\\/a>&nbsp; &nbsp; &nbsp; &nbsp; <a href=\\\"http:\\/\\/instinct.firespring.org\\/\\\">Instinct<\\/a>&nbsp; &nbsp; &nbsp; &nbsp; <a href=\\\"http:\\/\\/skyline.firespring.org\\/\\\">Skyline<\\/a>&nbsp; &nbsp; &nbsp; <br>&nbsp; &nbsp; &nbsp; &nbsp; &nbsp; &lt;\\/ul&gt;<\\/p>\"}},\"new1\":{\"type\":\"projects\",\"enabled\":\"1\",\"fields\":{\"heading\":\"Projects\",\"list\":\"<p>&nbsp; &nbsp; &lt;ul&gt;\\r\\n&nbsp; &nbsp; &nbsp;<\\/p>\\r\\n\\r\\n<p><a href=\\\"https:\\/\\/github.com\\/tylerfowle\\/veegee\\\">VeeGee<\\/a>&nbsp; &nbsp; &nbsp;&nbsp;<a href=\\\"https:\\/\\/github.com\\/codyjarvis\\/HarvTrack\\\">HarvTrack<\\/a>&nbsp; &nbsp; &nbsp;&nbsp;<a href=\\\"https:\\/\\/github.com\\/hellojaymee\\/flexySlider\\\">flexySlider<\\/a>&nbsp; &nbsp; &nbsp;&nbsp;<a href=\\\"https:\\/\\/bitbucket.org\\/hellojaymee\\/jaymee.info\\\">jaymee.info<\\/a>&nbsp; &nbsp; &lt;\\/ul&gt;<\\/p>\"}}}}}', '2016-04-29 02:46:05', '2016-04-29 02:46:05', 'cbafb802-a928-4552-abbd-dabf0b228047'),
 ('44', '2', '1', '1', 'en_us', '31', '', '{\"typeId\":\"1\",\"authorId\":null,\"title\":\"jaymee.info - homepage\",\"slug\":\"homepage\",\"postDate\":1461893119,\"expiryDate\":null,\"enabled\":1,\"parentId\":null,\"fields\":{\"1\":\"<p><a class=\\\"button\\\" href=\\\"https:\\/\\/github.com\\/hellojaymee\\\">github<\\/a><br><a class=\\\"button\\\" href=\\\"http:\\/\\/codepen.io\\/hellojaymee\\/\\\">codepen<\\/a><br><a class=\\\"button\\\" href=\\\"https:\\/\\/twitter.com\\/hellojaymee\\\">twitter<\\/a><br><a class=\\\"button\\\" href=\\\"https:\\/\\/www.linkedin.com\\/in\\/jaymeerobertson\\\">linkedin<\\/a><\\/p>\",\"3\":\"Jaymee.\",\"5\":{\"8\":{\"type\":\"headers\",\"enabled\":\"1\",\"fields\":{\"heading\":\"I make the web. I build rad websites and user interfaces. You can check out some of my projects at the links below.\",\"subheading\":\"Experienced in html5 css3 photoshop javascript jquery php sass git twig gulp\"}}},\"4\":\"Web Developer\\r\\n& Designer.\",\"8\":{\"9\":{\"type\":\"headers\",\"enabled\":\"1\",\"fields\":{\"heading\":\"My Work.\",\"text\":\"<p>Unless noted otherwise, all theme design rights go to the talented&nbsp;<a href=\\\"http:\\/\\/culture.firespring.com\\/people\\/team\\/creative\\\">Creative<\\/a>&nbsp;team at&nbsp;<a href=\\\"http:\\/\\/www.firespring.com\\/\\\">Firespring<\\/a>.<\\/p>\"}},\"10\":{\"type\":\"themes\",\"enabled\":\"1\",\"fields\":{\"heading\":\"Themes\",\"list\":\"<ul><li><a href=\\\"http:\\/\\/aria.firespring.org\\/\\\">Aria<\\/a><\\/li><\\/ul>\"}},\"12\":{\"type\":\"projects\",\"enabled\":\"1\",\"fields\":{\"heading\":\"Projects\",\"list\":\"<p>&nbsp; &nbsp; &lt;ul&gt;\\r\\n&nbsp; &nbsp; &nbsp;<\\/p>\\r\\n\\r\\n<p><a href=\\\"https:\\/\\/github.com\\/tylerfowle\\/veegee\\\">VeeGee<\\/a>&nbsp; &nbsp; &nbsp;&nbsp;<a href=\\\"https:\\/\\/github.com\\/codyjarvis\\/HarvTrack\\\">HarvTrack<\\/a>&nbsp; &nbsp; &nbsp;&nbsp;<a href=\\\"https:\\/\\/github.com\\/hellojaymee\\/flexySlider\\\">flexySlider<\\/a>&nbsp; &nbsp; &nbsp;&nbsp;<a href=\\\"https:\\/\\/bitbucket.org\\/hellojaymee\\/jaymee.info\\\">jaymee.info<\\/a>&nbsp; &nbsp; &lt;\\/ul&gt;<\\/p>\"}}}}}', '2016-04-29 02:48:35', '2016-04-29 02:48:35', '78476d60-35b5-4b41-bbc9-6920d6490063'),
 ('45', '2', '1', '1', 'en_us', '32', '', '{\"typeId\":\"1\",\"authorId\":null,\"title\":\"jaymee.info - homepage\",\"slug\":\"homepage\",\"postDate\":1461893119,\"expiryDate\":null,\"enabled\":1,\"parentId\":null,\"fields\":{\"1\":\"<p><a class=\\\"button\\\" href=\\\"https:\\/\\/github.com\\/hellojaymee\\\">github<\\/a><br><a class=\\\"button\\\" href=\\\"http:\\/\\/codepen.io\\/hellojaymee\\/\\\">codepen<\\/a><br><a class=\\\"button\\\" href=\\\"https:\\/\\/twitter.com\\/hellojaymee\\\">twitter<\\/a><br><a class=\\\"button\\\" href=\\\"https:\\/\\/www.linkedin.com\\/in\\/jaymeerobertson\\\">linkedin<\\/a><\\/p>\",\"3\":\"Jaymee.\",\"5\":{\"8\":{\"type\":\"headers\",\"enabled\":\"1\",\"fields\":{\"heading\":\"I make the web. I build rad websites and user interfaces. You can check out some of my projects at the links below.\",\"subheading\":\"Experienced in html5 css3 photoshop javascript jquery php sass git twig gulp\"}}},\"4\":\"Web Developer\\r\\n& Designer.\",\"8\":{\"9\":{\"type\":\"headers\",\"enabled\":\"1\",\"fields\":{\"heading\":\"My Work.\",\"text\":\"<p>Unless noted otherwise, all theme design rights go to the talented&nbsp;<a href=\\\"http:\\/\\/culture.firespring.com\\/people\\/team\\/creative\\\">Creative<\\/a>&nbsp;team at&nbsp;<a href=\\\"http:\\/\\/www.firespring.com\\/\\\">Firespring<\\/a>.<\\/p>\"}},\"10\":{\"type\":\"themes\",\"enabled\":\"1\",\"fields\":{\"heading\":\"Themes\",\"list\":\"<ul><li><a href=\\\"http:\\/\\/aria.firespring.org\\/\\\">Aria<\\/a><\\/li><\\/ul>\"}},\"12\":{\"type\":\"projects\",\"enabled\":\"1\",\"fields\":{\"heading\":\"Projects\",\"list\":\"\"}}}}}', '2016-04-29 02:49:06', '2016-04-29 02:49:06', 'b70293e3-1769-4a6e-9fb1-91e7a6264ebf'),
 ('46', '2', '1', '1', 'en_us', '33', '', '{\"typeId\":\"1\",\"authorId\":null,\"title\":\"jaymee.info - homepage\",\"slug\":\"homepage\",\"postDate\":1461893119,\"expiryDate\":null,\"enabled\":1,\"parentId\":null,\"fields\":{\"1\":\"<p><a class=\\\"button\\\" href=\\\"https:\\/\\/github.com\\/hellojaymee\\\">github<\\/a><br><a class=\\\"button\\\" href=\\\"http:\\/\\/codepen.io\\/hellojaymee\\/\\\">codepen<\\/a><br><a class=\\\"button\\\" href=\\\"https:\\/\\/twitter.com\\/hellojaymee\\\">twitter<\\/a><br><a class=\\\"button\\\" href=\\\"https:\\/\\/www.linkedin.com\\/in\\/jaymeerobertson\\\">linkedin<\\/a><\\/p>\",\"3\":\"Jaymee.\",\"5\":{\"8\":{\"type\":\"headers\",\"enabled\":\"1\",\"fields\":{\"heading\":\"I make the web. I build rad websites and user interfaces. You can check out some of my projects at the links below.\",\"subheading\":\"Experienced in html5 css3 photoshop javascript jquery php sass git twig gulp\"}}},\"4\":\"Web Developer\\r\\n& Designer.\",\"8\":{\"9\":{\"type\":\"headers\",\"enabled\":\"1\",\"fields\":{\"heading\":\"My Work.\",\"text\":\"<p>Unless noted otherwise, all theme design rights go to the talented&nbsp;<a href=\\\"http:\\/\\/culture.firespring.com\\/people\\/team\\/creative\\\">Creative<\\/a>&nbsp;team at&nbsp;<a href=\\\"http:\\/\\/www.firespring.com\\/\\\">Firespring<\\/a>.<\\/p>\"}},\"10\":{\"type\":\"themes\",\"enabled\":\"1\",\"fields\":{\"heading\":\"Themes\",\"list\":\"<ul><li><a href=\\\"http:\\/\\/aria.firespring.org\\/\\\">Aria<\\/a><\\/li><li>Essence<\\/li><li>Plateau<\\/li><li>Instinct<\\/li><li>Skyline<\\/li><li>Nourish<\\/li><\\/ul>\"}},\"12\":{\"type\":\"projects\",\"enabled\":\"1\",\"fields\":{\"heading\":\"Projects\",\"list\":\"\"}}}}}', '2016-04-29 02:51:27', '2016-04-29 02:51:27', 'f5a9274b-d05a-4a26-a747-a105d39ae00c'),
 ('47', '2', '1', '1', 'en_us', '34', '', '{\"typeId\":\"1\",\"authorId\":null,\"title\":\"jaymee.info - homepage\",\"slug\":\"homepage\",\"postDate\":1461893119,\"expiryDate\":null,\"enabled\":1,\"parentId\":null,\"fields\":{\"1\":\"<p><a class=\\\"button\\\" href=\\\"https:\\/\\/github.com\\/hellojaymee\\\">github<\\/a><br><a class=\\\"button\\\" href=\\\"http:\\/\\/codepen.io\\/hellojaymee\\/\\\">codepen<\\/a><br><a class=\\\"button\\\" href=\\\"https:\\/\\/twitter.com\\/hellojaymee\\\">twitter<\\/a><br><a class=\\\"button\\\" href=\\\"https:\\/\\/www.linkedin.com\\/in\\/jaymeerobertson\\\">linkedin<\\/a><\\/p>\",\"3\":\"Jaymee.\",\"5\":{\"8\":{\"type\":\"headers\",\"enabled\":\"1\",\"fields\":{\"heading\":\"I make the web. I build rad websites and user interfaces. You can check out some of my projects at the links below.\",\"subheading\":\"Experienced in html5 css3 photoshop javascript jquery php sass git twig gulp\"}}},\"4\":\"Web Developer\\r\\n& Designer.\",\"8\":{\"9\":{\"type\":\"headers\",\"enabled\":\"1\",\"fields\":{\"heading\":\"My Work.\",\"text\":\"<p>Unless noted otherwise, all theme design rights go to the talented&nbsp;<a href=\\\"http:\\/\\/culture.firespring.com\\/people\\/team\\/creative\\\">Creative<\\/a>&nbsp;team at&nbsp;<a href=\\\"http:\\/\\/www.firespring.com\\/\\\">Firespring<\\/a>.<\\/p>\"}},\"10\":{\"type\":\"themes\",\"enabled\":\"1\",\"fields\":{\"heading\":\"Themes\",\"list\":\"<ul><li><a href=\\\"http:\\/\\/aria.firespring.org\\/\\\">Aria<\\/a><\\/li><li>Essence<\\/li><li>Plateau<\\/li><li>Instinct<\\/li><li>Skyline<\\/li><li>Nourish<\\/li><\\/ul>\"}},\"12\":{\"type\":\"projects\",\"enabled\":\"1\",\"fields\":{\"heading\":\"Projects\",\"list\":\"\"}}}}}', '2016-04-29 02:52:00', '2016-04-29 02:52:00', '358701e2-08e0-4b7e-8bed-0507714e60fc'),
 ('48', '2', '1', '1', 'en_us', '35', '', '{\"typeId\":\"1\",\"authorId\":null,\"title\":\"jaymee.info - homepage\",\"slug\":\"homepage\",\"postDate\":1461893119,\"expiryDate\":null,\"enabled\":1,\"parentId\":null,\"fields\":{\"1\":\"<p><a class=\\\"button\\\" href=\\\"https:\\/\\/github.com\\/hellojaymee\\\">github<\\/a><br><a class=\\\"button\\\" href=\\\"http:\\/\\/codepen.io\\/hellojaymee\\/\\\">codepen<\\/a><br><a class=\\\"button\\\" href=\\\"https:\\/\\/twitter.com\\/hellojaymee\\\">twitter<\\/a><br><a class=\\\"button\\\" href=\\\"https:\\/\\/www.linkedin.com\\/in\\/jaymeerobertson\\\">linkedin<\\/a><\\/p>\",\"3\":\"Jaymee.\",\"5\":{\"8\":{\"type\":\"headers\",\"enabled\":\"1\",\"fields\":{\"heading\":\"I make the web. I build rad websites and user interfaces. You can check out some of my projects at the links below.\",\"subheading\":\"Experienced in html5 css3 photoshop javascript jquery php sass git twig gulp\"}}},\"4\":\"Web Developer\\r\\n& Designer.\",\"8\":{\"9\":{\"type\":\"headers\",\"enabled\":\"1\",\"fields\":{\"heading\":\"My Work.\",\"text\":\"<p>Unless noted otherwise, all theme design rights go to the talented&nbsp;<a href=\\\"http:\\/\\/culture.firespring.com\\/people\\/team\\/creative\\\">Creative<\\/a>&nbsp;team at&nbsp;<a href=\\\"http:\\/\\/www.firespring.com\\/\\\">Firespring<\\/a>.<\\/p>\"}},\"10\":{\"type\":\"themes\",\"enabled\":\"1\",\"fields\":{\"heading\":\"Themes\",\"list\":\"<ul><li><a href=\\\"http:\\/\\/aria.firespring.org\\/\\\">Aria<\\/a><\\/li><li><a href=\\\"http:\\/\\/essence.printerpresence.com\\\">Essence<\\/a><\\/li><li>Plateau<\\/li><li>Instinct<\\/li><li>Skyline<\\/li><li>Nourish<\\/li><\\/ul>\"}},\"12\":{\"type\":\"projects\",\"enabled\":\"1\",\"fields\":{\"heading\":\"Projects\",\"list\":\"<ul><li>VeeGee<\\/li><li>HarvTrack<\\/li><li>flexySlider<\\/li><li>jaymee.info<\\/li><\\/ul>\"}}}}}', '2016-04-29 02:53:00', '2016-04-29 02:53:00', '2ccffae9-813d-4ee7-b73c-e1bcf6b6f55e'),
 ('49', '2', '1', '1', 'en_us', '36', '', '{\"typeId\":\"1\",\"authorId\":null,\"title\":\"jaymee.info - homepage\",\"slug\":\"homepage\",\"postDate\":1461893119,\"expiryDate\":null,\"enabled\":1,\"parentId\":null,\"fields\":{\"1\":\"<p><a class=\\\"button\\\" href=\\\"https:\\/\\/github.com\\/hellojaymee\\\">github<\\/a><br><a class=\\\"button\\\" href=\\\"http:\\/\\/codepen.io\\/hellojaymee\\/\\\">codepen<\\/a><br><a class=\\\"button\\\" href=\\\"https:\\/\\/twitter.com\\/hellojaymee\\\">twitter<\\/a><br><a class=\\\"button\\\" href=\\\"https:\\/\\/www.linkedin.com\\/in\\/jaymeerobertson\\\">linkedin<\\/a><\\/p>\",\"3\":\"Jaymee.\",\"5\":{\"8\":{\"type\":\"headers\",\"enabled\":\"1\",\"fields\":{\"heading\":\"I make the web. I build rad websites and user interfaces. You can check out some of my projects at the links below.\",\"subheading\":\"Experienced in html5 css3 photoshop javascript jquery php sass git twig gulp\"}}},\"4\":\"Web Developer\\r\\n& Designer.\",\"8\":{\"9\":{\"type\":\"headers\",\"enabled\":\"1\",\"fields\":{\"heading\":\"My Work.\",\"text\":\"<p>Unless noted otherwise, all theme design rights go to the talented&nbsp;<a href=\\\"http:\\/\\/culture.firespring.com\\/people\\/team\\/creative\\\">Creative<\\/a>&nbsp;team at&nbsp;<a href=\\\"http:\\/\\/www.firespring.com\\/\\\">Firespring<\\/a>.<\\/p>\"}},\"10\":{\"type\":\"themes\",\"enabled\":\"1\",\"fields\":{\"heading\":\"Themes\",\"list\":\"<ul><li><a href=\\\"http:\\/\\/aria.firespring.org\\/\\\">Aria<\\/a><\\/li><li><a href=\\\"http:\\/\\/essence.printerpresence.com\\\">Essence<\\/a><\\/li><li><a href=\\\"http:\\/\\/jaymee-plateau.presencehost.net\\/\\\">Plateau<\\/a><\\/li><li><a href=\\\"http:\\/\\/instinct.firespring.org\\\">Instinct<\\/a><\\/li><li><a href=\\\"http:\\/\\/skyline.firespring.org\\\">Skyline<\\/a><\\/li><li>Nourish<\\/li><\\/ul>\"}},\"12\":{\"type\":\"projects\",\"enabled\":\"1\",\"fields\":{\"heading\":\"Projects\",\"list\":\"<ul><li><a href=\\\"https:\\/\\/github.com\\/tylerfowle\\/veegee\\\">VeeGee<\\/a><\\/li><li><a href=\\\"https:\\/\\/github.com\\/codyjarvis\\/harvtrack\\\">HarvTrack<\\/a><\\/li><li><a href=\\\"https:\\/\\/github.com\\/hellojaymee\\/flexySlider\\\">flexySlider<\\/a><\\/li><li><a href=\\\"https:\\/\\/bitbucket.org\\/hellojaymee\\/jaymee.info\\\">jaymee.info<\\/a><\\/li><\\/ul>\"}}}}}', '2016-04-29 02:55:55', '2016-04-29 02:55:55', 'a7cdf356-49fe-41db-8a87-3a9de653ec60'),
 ('50', '2', '1', '1', 'en_us', '37', '', '{\"typeId\":\"1\",\"authorId\":null,\"title\":\"jaymee.info - homepage\",\"slug\":\"homepage\",\"postDate\":1461893119,\"expiryDate\":null,\"enabled\":1,\"parentId\":null,\"fields\":{\"1\":\"<p><a class=\\\"button\\\" href=\\\"https:\\/\\/github.com\\/hellojaymee\\\">github<\\/a><br><a class=\\\"button\\\" href=\\\"http:\\/\\/codepen.io\\/hellojaymee\\/\\\">codepen<\\/a><br><a class=\\\"button\\\" href=\\\"https:\\/\\/twitter.com\\/hellojaymee\\\">twitter<\\/a><br><a class=\\\"button\\\" href=\\\"https:\\/\\/www.linkedin.com\\/in\\/jaymeerobertson\\\">linkedin<\\/a><\\/p>\",\"3\":\"Jaymee.\",\"5\":{\"8\":{\"type\":\"headers\",\"enabled\":\"1\",\"fields\":{\"heading\":\"I make the web. I build rad websites and user interfaces. You can check out some of my projects at the links below.\",\"subheading\":\"Experienced in html5 css3 photoshop javascript jquery php sass git twig gulp\"}}},\"4\":\"Web Developer\\r\\n& Designer.\",\"8\":{\"9\":{\"type\":\"headers\",\"enabled\":\"1\",\"fields\":{\"heading\":\"My Work.\",\"text\":\"<p>Unless noted otherwise, all theme design rights go to the talented&nbsp;<a href=\\\"http:\\/\\/culture.firespring.com\\/people\\/team\\/creative\\\">Creative<\\/a>&nbsp;team at&nbsp;<a href=\\\"http:\\/\\/www.firespring.com\\/\\\">Firespring<\\/a>.<\\/p>\"}},\"10\":{\"type\":\"themes\",\"enabled\":\"1\",\"fields\":{\"heading\":\"Themes\",\"list\":\"<ul><li><a href=\\\"http:\\/\\/aria.firespring.org\\/\\\">Aria<\\/a><\\/li><li><a href=\\\"http:\\/\\/essence.printerpresence.com\\\">Essence<\\/a><\\/li><li><a href=\\\"http:\\/\\/jaymee-plateau.presencehost.net\\/\\\">Plateau<\\/a><\\/li><li><a href=\\\"http:\\/\\/instinct.firespring.org\\\">Instinct<\\/a><\\/li><li><a href=\\\"http:\\/\\/skyline.firespring.org\\\">Skyline<\\/a><\\/li><\\/ul>\"}},\"12\":{\"type\":\"projects\",\"enabled\":\"1\",\"fields\":{\"heading\":\"Projects\",\"list\":\"<ul><li><a href=\\\"https:\\/\\/github.com\\/tylerfowle\\/veegee\\\">VeeGee<\\/a><\\/li><li><a href=\\\"https:\\/\\/github.com\\/codyjarvis\\/harvtrack\\\">HarvTrack<\\/a><\\/li><li><a href=\\\"https:\\/\\/github.com\\/hellojaymee\\/flexySlider\\\">flexySlider<\\/a><\\/li><li><a href=\\\"https:\\/\\/bitbucket.org\\/hellojaymee\\/jaymee.info\\\">jaymee.info<\\/a><\\/li><\\/ul>\"}}}}}', '2016-04-29 03:00:05', '2016-04-29 03:00:05', '52aa2785-f168-4e19-8576-550068e4f138'),
 ('51', '2', '1', '1', 'en_us', '38', '', '{\"typeId\":\"1\",\"authorId\":null,\"title\":\"jaymee.info - homepage\",\"slug\":\"homepage\",\"postDate\":1461893119,\"expiryDate\":null,\"enabled\":1,\"parentId\":null,\"fields\":{\"1\":\"<p><a class=\\\"button\\\" href=\\\"https:\\/\\/github.com\\/hellojaymee\\\">github<\\/a><br><a class=\\\"button\\\" href=\\\"http:\\/\\/codepen.io\\/hellojaymee\\/\\\">codepen<\\/a><br><a class=\\\"button\\\" href=\\\"https:\\/\\/twitter.com\\/hellojaymee\\\">twitter<\\/a><br><a class=\\\"button\\\" href=\\\"https:\\/\\/www.linkedin.com\\/in\\/jaymeerobertson\\\">linkedin<\\/a><\\/p>\",\"3\":\"Jaymee.\",\"5\":{\"8\":{\"type\":\"headers\",\"enabled\":\"1\",\"fields\":{\"heading\":\"I make the web. I build rad websites and user interfaces. You can check out some of my projects at the links below.\",\"subheading\":\"Experienced in html5 css3 photoshop javascript jquery php sass git twig gulp\"}}},\"4\":\"Web Developer\\r\\n& Designer.\",\"8\":{\"9\":{\"type\":\"headers\",\"enabled\":\"1\",\"fields\":{\"heading\":\"My Work.\",\"text\":\"<p>Unless noted otherwise, all theme design rights go to the talented&nbsp;<a href=\\\"http:\\/\\/culture.firespring.com\\/people\\/team\\/creative\\\">Creative<\\/a>&nbsp;team at&nbsp;<a href=\\\"http:\\/\\/www.firespring.com\\/\\\">Firespring<\\/a>.<\\/p>\"}},\"10\":{\"type\":\"themes\",\"enabled\":\"1\",\"fields\":{\"heading\":\"Themes\",\"list\":\"<ul><li><a href=\\\"http:\\/\\/aria.firespring.org\\/\\\">Aria<\\/a><\\/li><li><a href=\\\"http:\\/\\/essence.printerpresence.com\\\">Essence<\\/a><\\/li><li><a href=\\\"http:\\/\\/jaymee-plateau.presencehost.net\\/\\\">Plateau<\\/a><\\/li><li><a href=\\\"http:\\/\\/instinct.firespring.org\\\">Instinct<\\/a><\\/li><li><a href=\\\"http:\\/\\/skyline.firespring.org\\\">Skyline<\\/a><\\/li><\\/ul>\",\"note\":\"Unless noted otherwise, all theme design rights go to the talented Creative team at Firespring.\"}},\"12\":{\"type\":\"projects\",\"enabled\":\"1\",\"fields\":{\"heading\":\"Projects\",\"list\":\"<ul><li><a href=\\\"https:\\/\\/github.com\\/tylerfowle\\/veegee\\\">VeeGee<\\/a><\\/li><li><a href=\\\"https:\\/\\/github.com\\/codyjarvis\\/harvtrack\\\">HarvTrack<\\/a><\\/li><li><a href=\\\"https:\\/\\/github.com\\/hellojaymee\\/flexySlider\\\">flexySlider<\\/a><\\/li><li><a href=\\\"https:\\/\\/bitbucket.org\\/hellojaymee\\/jaymee.info\\\">jaymee.info<\\/a><\\/li><\\/ul>\",\"note\":\"\"}}}}}', '2016-04-29 13:34:44', '2016-04-29 13:34:44', '22da4e4c-3ab9-4341-bf54-ab2a1d99cdcc'),
 ('52', '2', '1', '1', 'en_us', '39', '', '{\"typeId\":\"1\",\"authorId\":null,\"title\":\"jaymee.info - homepage\",\"slug\":\"homepage\",\"postDate\":1461893119,\"expiryDate\":null,\"enabled\":1,\"parentId\":null,\"fields\":{\"1\":\"<p><a class=\\\"button\\\" href=\\\"https:\\/\\/github.com\\/hellojaymee\\\">github<\\/a><br><a class=\\\"button\\\" href=\\\"http:\\/\\/codepen.io\\/hellojaymee\\/\\\">codepen<\\/a><br><a class=\\\"button\\\" href=\\\"https:\\/\\/twitter.com\\/hellojaymee\\\">twitter<\\/a><br><a class=\\\"button\\\" href=\\\"https:\\/\\/www.linkedin.com\\/in\\/jaymeerobertson\\\">linkedin<\\/a><\\/p>\",\"3\":\"Jaymee.\",\"5\":{\"8\":{\"type\":\"headers\",\"enabled\":\"1\",\"fields\":{\"heading\":\"I make the web. I build rad websites and user interfaces. You can check out some of my projects at the links below.\",\"subheading\":\"Experienced in html5 css3 photoshop javascript jquery php sass git twig gulp\"}}},\"4\":\"Web Developer\\r\\n& Designer.\",\"8\":{\"9\":{\"type\":\"headers\",\"enabled\":\"1\",\"fields\":{\"heading\":\"My Work.\",\"text\":\"<p>Unless noted otherwise, all theme design rights go to the talented&nbsp;<a href=\\\"http:\\/\\/culture.firespring.com\\/people\\/team\\/creative\\\">Creative<\\/a>&nbsp;team at&nbsp;<a href=\\\"http:\\/\\/www.firespring.com\\/\\\">Firespring<\\/a>.<\\/p>\"}},\"10\":{\"type\":\"themes\",\"enabled\":\"1\",\"fields\":{\"heading\":\"Themes\",\"list\":\"<ul><li><a href=\\\"http:\\/\\/aria.firespring.org\\/\\\">Aria<\\/a><\\/li><li><a href=\\\"http:\\/\\/essence.printerpresence.com\\\">Essence<\\/a><\\/li><li><a href=\\\"http:\\/\\/jaymee-plateau.presencehost.net\\/\\\">Plateau<\\/a><\\/li><li><a href=\\\"http:\\/\\/instinct.firespring.org\\\">Instinct<\\/a><\\/li><li><a href=\\\"http:\\/\\/skyline.firespring.org\\\">Skyline<\\/a><\\/li><\\/ul>\",\"note\":\"<p>Unless noted otherwise, all theme design rights go to the talented&nbsp;<a href=\\\"http:\\/\\/culture.firespring.com\\/people\\/team\\/creative\\\">Creative<\\/a>&nbsp;team at&nbsp;<a href=\\\"http:\\/\\/www.firespring.com\\/\\\">Firespring<\\/a>.<\\/p>\"}},\"12\":{\"type\":\"projects\",\"enabled\":\"1\",\"fields\":{\"heading\":\"Projects\",\"list\":\"<ul><li><a href=\\\"https:\\/\\/github.com\\/tylerfowle\\/veegee\\\">VeeGee<\\/a><\\/li><li><a href=\\\"https:\\/\\/github.com\\/codyjarvis\\/harvtrack\\\">HarvTrack<\\/a><\\/li><li><a href=\\\"https:\\/\\/github.com\\/hellojaymee\\/flexySlider\\\">flexySlider<\\/a><\\/li><li><a href=\\\"https:\\/\\/bitbucket.org\\/hellojaymee\\/jaymee.info\\\">jaymee.info<\\/a><\\/li><\\/ul>\"}}}}}', '2016-04-29 13:36:21', '2016-04-29 13:36:21', 'eae1d211-7916-4153-aefb-092169bfd0c1'),
 ('53', '2', '1', '1', 'en_us', '40', '', '{\"typeId\":\"1\",\"authorId\":null,\"title\":\"jaymee.info - homepage\",\"slug\":\"homepage\",\"postDate\":1461893119,\"expiryDate\":null,\"enabled\":1,\"parentId\":null,\"fields\":{\"1\":\"<p><a class=\\\"button\\\" href=\\\"https:\\/\\/github.com\\/hellojaymee\\\">github<\\/a><br><a class=\\\"button\\\" href=\\\"http:\\/\\/codepen.io\\/hellojaymee\\/\\\">codepen<\\/a><br><a class=\\\"button\\\" href=\\\"https:\\/\\/twitter.com\\/hellojaymee\\\">twitter<\\/a><br><a class=\\\"button\\\" href=\\\"https:\\/\\/www.linkedin.com\\/in\\/jaymeerobertson\\\">linkedin<\\/a><\\/p>\",\"3\":\"Jaymee.\",\"5\":{\"8\":{\"type\":\"headers\",\"enabled\":\"1\",\"fields\":{\"heading\":\"I make the web. I build rad websites and user interfaces. You can check out some of my projects at the links below.\",\"subheading\":\"Experienced in html5 css3 photoshop javascript jquery php sass git twig gulp\"}}},\"4\":\"Web Developer\\r\\n& Designer.\",\"8\":{\"10\":{\"type\":\"themes\",\"enabled\":\"1\",\"fields\":{\"heading\":\"Themes\",\"list\":\"<ul><li><a href=\\\"http:\\/\\/aria.firespring.org\\/\\\">Aria<\\/a><\\/li><li><a href=\\\"http:\\/\\/essence.printerpresence.com\\\">Essence<\\/a><\\/li><li><a href=\\\"http:\\/\\/jaymee-plateau.presencehost.net\\/\\\">Plateau<\\/a><\\/li><li><a href=\\\"http:\\/\\/instinct.firespring.org\\\">Instinct<\\/a><\\/li><li><a href=\\\"http:\\/\\/skyline.firespring.org\\\">Skyline<\\/a><\\/li><\\/ul>\",\"note\":\"<p>Unless noted otherwise, all theme design rights go to the talented&nbsp;<a href=\\\"http:\\/\\/culture.firespring.com\\/people\\/team\\/creative\\\">Creative<\\/a>&nbsp;team at&nbsp;<a href=\\\"http:\\/\\/www.firespring.com\\/\\\">Firespring<\\/a>.<\\/p>\"}},\"12\":{\"type\":\"projects\",\"enabled\":\"1\",\"fields\":{\"heading\":\"Projects\",\"list\":\"<ul><li><a href=\\\"https:\\/\\/github.com\\/tylerfowle\\/veegee\\\">VeeGee<\\/a><\\/li><li><a href=\\\"https:\\/\\/github.com\\/codyjarvis\\/harvtrack\\\">HarvTrack<\\/a><\\/li><li><a href=\\\"https:\\/\\/github.com\\/hellojaymee\\/flexySlider\\\">flexySlider<\\/a><\\/li><li><a href=\\\"https:\\/\\/bitbucket.org\\/hellojaymee\\/jaymee.info\\\">jaymee.info<\\/a><\\/li><\\/ul>\"}}}}}', '2016-04-29 13:37:02', '2016-04-29 13:37:02', '19a80cf6-773a-4183-9b53-014b3d279dce'),
 ('54', '2', '1', '1', 'en_us', '41', '', '{\"typeId\":\"1\",\"authorId\":null,\"title\":\"jaymee.info - homepage\",\"slug\":\"homepage\",\"postDate\":1461893119,\"expiryDate\":null,\"enabled\":1,\"parentId\":null,\"fields\":{\"1\":\"<p><a class=\\\"button\\\" href=\\\"https:\\/\\/github.com\\/hellojaymee\\\">github<\\/a><br><a class=\\\"button\\\" href=\\\"http:\\/\\/codepen.io\\/hellojaymee\\/\\\">codepen<\\/a><br><a class=\\\"button\\\" href=\\\"https:\\/\\/twitter.com\\/hellojaymee\\\">twitter<\\/a><br><a class=\\\"button\\\" href=\\\"https:\\/\\/www.linkedin.com\\/in\\/jaymeerobertson\\\">linkedin<\\/a><\\/p>\",\"3\":\"Jaymee.\",\"5\":{\"8\":{\"type\":\"headers\",\"enabled\":\"1\",\"fields\":{\"heading\":\"I make the web. I build rad websites and user interfaces. You can check out some of my projects at the links below.\",\"subheading\":\"Experienced in html5 css3 photoshop javascript jquery php sass git twig gulp\"}}},\"4\":\"Web Developer\\r\\n& Designer.\",\"8\":{\"10\":{\"type\":\"themes\",\"enabled\":\"1\",\"fields\":{\"heading\":\"Themes\",\"list\":\"<ul><li><a href=\\\"http:\\/\\/aria.firespring.org\\/\\\">Aria<\\/a><\\/li><li><a href=\\\"http:\\/\\/essence.printerpresence.com\\\">Essence<\\/a><\\/li><li><a href=\\\"http:\\/\\/jaymee-plateau.presencehost.net\\/\\\">Plateau<\\/a><\\/li><li><a href=\\\"http:\\/\\/instinct.firespring.org\\\">Instinct<\\/a><\\/li><li><a href=\\\"http:\\/\\/skyline.firespring.org\\\">Skyline<\\/a><\\/li><\\/ul>\",\"note\":\"<p>Unless noted otherwise, all theme design rights go to the talented&nbsp;<a href=\\\"http:\\/\\/culture.firespring.com\\/people\\/team\\/creative\\\">Creative<\\/a>&nbsp;team at&nbsp;<a href=\\\"http:\\/\\/www.firespring.com\\/\\\">Firespring<\\/a>.<\\/p>\"}},\"12\":{\"type\":\"projects\",\"enabled\":\"1\",\"fields\":{\"heading\":\"\",\"list\":\"\"}}}}}', '2016-08-20 18:39:31', '2016-08-20 18:39:31', '0c47487a-bfa3-4707-9313-7ba8879f1fa1');



DROP TABLE IF EXISTS `craft_fieldgroups`;


--
-- Schema for table `craft_fieldgroups`
--
CREATE TABLE `craft_fieldgroups` (
  `id` int(11) NOT NULL AUTO_INCREMENT,
  `name` varchar(255) COLLATE utf8_unicode_ci NOT NULL,
  `dateCreated` datetime NOT NULL,
  `dateUpdated` datetime NOT NULL,
  `uid` char(36) COLLATE utf8_unicode_ci NOT NULL DEFAULT '0',
  PRIMARY KEY (`id`),
  UNIQUE KEY `craft_fieldgroups_name_unq_idx` (`name`)
) ENGINE=InnoDB AUTO_INCREMENT=2 DEFAULT CHARSET=utf8 COLLATE=utf8_unicode_ci;

--
-- Data for table `craft_fieldgroups`
--

INSERT INTO `craft_fieldgroups` (`id`, `name`, `dateCreated`, `dateUpdated`, `uid`) VALUES
 ('1', 'Default', '2016-02-28 00:53:51', '2016-02-28 00:53:51', '8a62a43f-696b-4944-b968-2446da5a2787');



DROP TABLE IF EXISTS `craft_fieldlayoutfields`;


--
-- Schema for table `craft_fieldlayoutfields`
--
CREATE TABLE `craft_fieldlayoutfields` (
  `id` int(11) NOT NULL AUTO_INCREMENT,
  `layoutId` int(11) NOT NULL,
  `tabId` int(11) NOT NULL,
  `fieldId` int(11) NOT NULL,
  `required` tinyint(1) unsigned NOT NULL DEFAULT '0',
  `sortOrder` smallint(6) unsigned DEFAULT NULL,
  `dateCreated` datetime NOT NULL,
  `dateUpdated` datetime NOT NULL,
  `uid` char(36) COLLATE utf8_unicode_ci NOT NULL DEFAULT '0',
  PRIMARY KEY (`id`),
  UNIQUE KEY `craft_fieldlayoutfields_layoutId_fieldId_unq_idx` (`layoutId`,`fieldId`),
  KEY `craft_fieldlayoutfields_sortOrder_idx` (`sortOrder`),
  KEY `craft_fieldlayoutfields_tabId_fk` (`tabId`),
  KEY `craft_fieldlayoutfields_fieldId_fk` (`fieldId`)
) ENGINE=InnoDB AUTO_INCREMENT=89 DEFAULT CHARSET=utf8 COLLATE=utf8_unicode_ci;

--
-- Data for table `craft_fieldlayoutfields`
--

INSERT INTO `craft_fieldlayoutfields` (`id`, `layoutId`, `tabId`, `fieldId`, `required`, `sortOrder`, `dateCreated`, `dateUpdated`, `uid`) VALUES
 ('2', '5', '2', '1', '1', '1', '2016-02-28 00:53:51', '2016-02-28 00:53:51', 'c921fa14-f6de-4425-a3c6-cc089a8fe937'),
 ('4', '7', '3', '1', '0', '1', '2016-02-28 02:36:52', '2016-02-28 02:36:52', 'dd764620-d743-4451-910e-aa57225e0e8b'),
 ('25', '14', '10', '6', '0', '1', '2016-04-29 02:07:18', '2016-04-29 02:07:18', '94d8ed4b-9b97-430f-8b80-45c5e07377c6'),
 ('26', '14', '10', '7', '0', '2', '2016-04-29 02:07:18', '2016-04-29 02:07:18', 'f0d4964c-f51c-4b31-9996-707ed92e0baf'),
 ('38', '21', '17', '3', '0', '1', '2016-04-29 02:24:50', '2016-04-29 02:24:50', '360e40f7-b848-4289-a19a-b614f34f481c'),
 ('39', '21', '17', '4', '0', '2', '2016-04-29 02:24:50', '2016-04-29 02:24:50', '22af1ef1-b7f3-423c-9183-9b68ff67e175'),
 ('40', '21', '17', '5', '0', '3', '2016-04-29 02:24:50', '2016-04-29 02:24:50', '33d5777b-f75b-4869-bdb2-d42d77e35eda'),
 ('41', '21', '17', '1', '1', '4', '2016-04-29 02:24:50', '2016-04-29 02:24:50', '74d7fb16-614d-4f65-b299-01cd7506df5a'),
 ('42', '21', '17', '8', '0', '5', '2016-04-29 02:24:50', '2016-04-29 02:24:50', '69ce09f3-c33b-4bb2-9245-348d07b16075'),
 ('84', '41', '37', '11', '0', '1', '2016-04-29 13:37:36', '2016-04-29 13:37:36', '72b3074a-209a-4492-bb4d-fa62e8d1158a'),
 ('85', '41', '37', '12', '0', '2', '2016-04-29 13:37:36', '2016-04-29 13:37:36', '8180a259-4c28-4c37-b13e-d6a66e037416'),
 ('86', '41', '37', '15', '0', '3', '2016-04-29 13:37:36', '2016-04-29 13:37:36', '9f2ca583-6a96-4f75-98c5-23e184584be9'),
 ('87', '42', '38', '13', '0', '1', '2016-04-29 13:37:36', '2016-04-29 13:37:36', '4cb02e4d-f45b-49fd-8341-d5da5d55feb3'),
 ('88', '42', '38', '14', '0', '2', '2016-04-29 13:37:36', '2016-04-29 13:37:36', '1a6e1d4b-aa3f-4266-94cc-ccacd127e995');



DROP TABLE IF EXISTS `craft_fieldlayouts`;


--
-- Schema for table `craft_fieldlayouts`
--
CREATE TABLE `craft_fieldlayouts` (
  `id` int(11) NOT NULL AUTO_INCREMENT,
  `type` varchar(150) COLLATE utf8_unicode_ci NOT NULL,
  `dateCreated` datetime NOT NULL,
  `dateUpdated` datetime NOT NULL,
  `uid` char(36) COLLATE utf8_unicode_ci NOT NULL DEFAULT '0',
  PRIMARY KEY (`id`),
  KEY `craft_fieldlayouts_type_idx` (`type`)
) ENGINE=InnoDB AUTO_INCREMENT=43 DEFAULT CHARSET=utf8 COLLATE=utf8_unicode_ci;

--
-- Data for table `craft_fieldlayouts`
--

INSERT INTO `craft_fieldlayouts` (`id`, `type`, `dateCreated`, `dateUpdated`, `uid`) VALUES
 ('1', 'Tag', '2016-02-28 00:53:51', '2016-02-28 00:53:51', '9d916aee-b5ad-4e5c-a4e1-6e65e45dd306'),
 ('5', 'Entry', '2016-02-28 00:53:51', '2016-02-28 00:53:51', 'a2a118b3-f1ba-4e5d-be1f-0442a22bbbd5'),
 ('7', 'Entry', '2016-02-28 02:36:52', '2016-02-28 02:36:52', 'ed5dd28e-b159-44c8-b280-28dd0de57fab'),
 ('14', 'MatrixBlock', '2016-04-29 02:07:18', '2016-04-29 02:07:18', '495e9797-7412-4bd0-84b5-69a3760e1326'),
 ('21', 'Entry', '2016-04-29 02:24:50', '2016-04-29 02:24:50', '279ba3d6-51f0-4d24-a9fe-5902964c10b0'),
 ('41', 'MatrixBlock', '2016-04-29 13:37:36', '2016-04-29 13:37:36', '51839ba0-88ec-4290-bcc6-715e6e7f8286'),
 ('42', 'MatrixBlock', '2016-04-29 13:37:36', '2016-04-29 13:37:36', 'a8467e91-5510-4375-819c-5be504fe3a0b');



DROP TABLE IF EXISTS `craft_fieldlayouttabs`;


--
-- Schema for table `craft_fieldlayouttabs`
--
CREATE TABLE `craft_fieldlayouttabs` (
  `id` int(11) NOT NULL AUTO_INCREMENT,
  `layoutId` int(11) NOT NULL,
  `name` varchar(255) COLLATE utf8_unicode_ci NOT NULL,
  `sortOrder` smallint(6) unsigned DEFAULT NULL,
  `dateCreated` datetime NOT NULL,
  `dateUpdated` datetime NOT NULL,
  `uid` char(36) COLLATE utf8_unicode_ci NOT NULL DEFAULT '0',
  PRIMARY KEY (`id`),
  KEY `craft_fieldlayouttabs_sortOrder_idx` (`sortOrder`),
  KEY `craft_fieldlayouttabs_layoutId_fk` (`layoutId`)
) ENGINE=InnoDB AUTO_INCREMENT=39 DEFAULT CHARSET=utf8 COLLATE=utf8_unicode_ci;

--
-- Data for table `craft_fieldlayouttabs`
--

INSERT INTO `craft_fieldlayouttabs` (`id`, `layoutId`, `name`, `sortOrder`, `dateCreated`, `dateUpdated`, `uid`) VALUES
 ('2', '5', 'Content', '1', '2016-02-28 00:53:51', '2016-02-28 00:53:51', 'aeeb001c-fb06-4eb2-aabf-b9b7090e10b8'),
 ('3', '7', 'Tab 1', '1', '2016-02-28 02:36:52', '2016-02-28 02:36:52', '965cf089-7ebd-433e-bcce-61d61b4ae654'),
 ('10', '14', 'Content', '1', '2016-04-29 02:07:18', '2016-04-29 02:07:18', '30990a99-f14f-4082-a2a5-1cf39b3cbcc1'),
 ('17', '21', 'Content', '1', '2016-04-29 02:24:50', '2016-04-29 02:24:50', '0e198650-fd73-4280-a8fd-fb27da6fb6a5'),
 ('37', '41', 'Content', '1', '2016-04-29 13:37:36', '2016-04-29 13:37:36', '2c84e643-ec80-41ad-9036-aa2600f79a47'),
 ('38', '42', 'Content', '1', '2016-04-29 13:37:36', '2016-04-29 13:37:36', '8b33509d-18bd-40ba-a29f-d6c2eb881858');



DROP TABLE IF EXISTS `craft_fields`;


--
-- Schema for table `craft_fields`
--
CREATE TABLE `craft_fields` (
  `id` int(11) NOT NULL AUTO_INCREMENT,
  `groupId` int(11) DEFAULT NULL,
  `name` varchar(255) COLLATE utf8_unicode_ci NOT NULL,
  `handle` varchar(58) COLLATE utf8_unicode_ci NOT NULL,
  `context` varchar(255) COLLATE utf8_unicode_ci NOT NULL DEFAULT 'global',
  `instructions` text COLLATE utf8_unicode_ci,
  `translatable` tinyint(1) unsigned NOT NULL DEFAULT '0',
  `type` varchar(150) COLLATE utf8_unicode_ci NOT NULL,
  `settings` text COLLATE utf8_unicode_ci,
  `dateCreated` datetime NOT NULL,
  `dateUpdated` datetime NOT NULL,
  `uid` char(36) COLLATE utf8_unicode_ci NOT NULL DEFAULT '0',
  PRIMARY KEY (`id`),
  UNIQUE KEY `craft_fields_handle_context_unq_idx` (`handle`,`context`),
  KEY `craft_fields_context_idx` (`context`),
  KEY `craft_fields_groupId_fk` (`groupId`)
) ENGINE=InnoDB AUTO_INCREMENT=16 DEFAULT CHARSET=utf8 COLLATE=utf8_unicode_ci;

--
-- Data for table `craft_fields`
--

INSERT INTO `craft_fields` (`id`, `groupId`, `name`, `handle`, `context`, `instructions`, `translatable`, `type`, `settings`, `dateCreated`, `dateUpdated`, `uid`) VALUES
 ('1', '1', 'Body', 'body', 'global', NULL, '1', 'RichText', '{\"configFile\":\"Standard.json\",\"columnType\":\"text\"}', '2016-02-28 00:53:51', '2016-02-28 00:53:51', 'f34d5942-3f38-48d6-8403-2d9a1cbac066'),
 ('3', '1', 'Heading', 'heading', 'global', '', '0', 'PlainText', '{\"placeholder\":\"\",\"maxLength\":\"\",\"multiline\":\"1\",\"initialRows\":\"4\"}', '2016-04-29 01:14:43', '2016-04-29 01:36:36', '1f9844af-6afd-40f4-abdd-b240fe0d5fe2'),
 ('4', '1', 'Subheading', 'subheading', 'global', '', '0', 'PlainText', '{\"placeholder\":\"\",\"maxLength\":\"\",\"multiline\":\"1\",\"initialRows\":\"4\"}', '2016-04-29 01:22:59', '2016-04-29 01:36:44', '29215366-37a4-423a-8787-86424405b638'),
 ('5', '1', 'Info', 'info', 'global', '', '0', 'Matrix', '{\"maxBlocks\":null}', '2016-04-29 01:39:51', '2016-04-29 02:07:18', 'fa7f37ca-a9c4-4b41-a882-0da7fb160187'),
 ('6', NULL, 'heading', 'heading', 'matrixBlockType:1', '', '0', 'PlainText', '{\"placeholder\":\"\",\"maxLength\":\"\",\"multiline\":\"1\",\"initialRows\":\"4\"}', '2016-04-29 01:39:51', '2016-04-29 02:07:18', '6a443255-02e3-4b4a-93e8-1a557567a046'),
 ('7', NULL, 'subheading', 'subheading', 'matrixBlockType:1', '', '0', 'PlainText', '{\"placeholder\":\"\",\"maxLength\":\"\",\"multiline\":\"1\",\"initialRows\":\"4\"}', '2016-04-29 01:39:51', '2016-04-29 02:07:18', 'ae813ff3-346f-4528-8e20-e56cab69bbb5'),
 ('8', '1', 'Work', 'work', 'global', '', '0', 'Matrix', '{\"maxBlocks\":null}', '2016-04-29 02:22:54', '2016-04-29 13:37:36', '8a52f019-5c92-466e-b13b-a42e6d8352ec'),
 ('11', NULL, 'heading', 'heading', 'matrixBlockType:3', '', '0', 'PlainText', '{\"placeholder\":\"\",\"maxLength\":\"\",\"multiline\":\"1\",\"initialRows\":\"4\"}', '2016-04-29 02:23:52', '2016-04-29 13:37:36', '011f9fa5-68f1-4e21-9677-3fc8b4d0242a'),
 ('12', NULL, 'list', 'list', 'matrixBlockType:3', '', '0', 'RichText', '{\"configFile\":\"\",\"availableAssetSources\":\"*\",\"availableTransforms\":\"*\",\"cleanupHtml\":\"1\",\"purifyHtml\":\"1\",\"columnType\":\"text\"}', '2016-04-29 02:24:19', '2016-04-29 13:37:36', '4252284f-1fd2-41a9-929c-9096075db226'),
 ('13', NULL, 'heading', 'heading', 'matrixBlockType:4', '', '0', 'PlainText', '{\"placeholder\":\"\",\"maxLength\":\"\",\"multiline\":\"1\",\"initialRows\":\"4\"}', '2016-04-29 02:43:36', '2016-04-29 13:37:36', '538c244f-0ff1-4753-8e1d-6d6cfac93dff'),
 ('14', NULL, 'list', 'list', 'matrixBlockType:4', '', '0', 'RichText', '{\"configFile\":\"\",\"availableAssetSources\":\"*\",\"availableTransforms\":\"*\",\"cleanupHtml\":\"1\",\"purifyHtml\":\"1\",\"columnType\":\"text\"}', '2016-04-29 02:44:40', '2016-04-29 13:37:36', '77aa47b9-c1a8-456a-9827-8e97adf299dc'),
 ('15', NULL, 'note', 'note', 'matrixBlockType:3', '', '0', 'RichText', '{\"configFile\":\"\",\"availableAssetSources\":\"*\",\"availableTransforms\":\"*\",\"cleanupHtml\":\"1\",\"purifyHtml\":\"1\",\"columnType\":\"text\"}', '2016-04-29 13:34:23', '2016-04-29 13:37:36', 'f6903e70-d5be-4e6d-adad-6bcdcd0ea560');



DROP TABLE IF EXISTS `craft_globalsets`;


--
-- Schema for table `craft_globalsets`
--
CREATE TABLE `craft_globalsets` (
  `id` int(11) NOT NULL,
  `name` varchar(255) COLLATE utf8_unicode_ci NOT NULL,
  `handle` varchar(255) COLLATE utf8_unicode_ci NOT NULL,
  `fieldLayoutId` int(10) DEFAULT NULL,
  `dateCreated` datetime NOT NULL,
  `dateUpdated` datetime NOT NULL,
  `uid` char(36) COLLATE utf8_unicode_ci NOT NULL DEFAULT '0',
  PRIMARY KEY (`id`),
  UNIQUE KEY `craft_globalsets_name_unq_idx` (`name`),
  UNIQUE KEY `craft_globalsets_handle_unq_idx` (`handle`),
  KEY `craft_globalsets_fieldLayoutId_fk` (`fieldLayoutId`)
) ENGINE=InnoDB DEFAULT CHARSET=utf8 COLLATE=utf8_unicode_ci;

DROP TABLE IF EXISTS `craft_info`;


--
-- Schema for table `craft_info`
--
CREATE TABLE `craft_info` (
  `id` int(11) NOT NULL AUTO_INCREMENT,
  `version` varchar(15) COLLATE utf8_unicode_ci NOT NULL,
  `build` int(11) unsigned NOT NULL,
  `schemaVersion` varchar(15) COLLATE utf8_unicode_ci NOT NULL,
  `releaseDate` datetime NOT NULL,
  `edition` tinyint(1) unsigned NOT NULL DEFAULT '0',
  `siteName` varchar(100) COLLATE utf8_unicode_ci NOT NULL,
  `siteUrl` varchar(255) COLLATE utf8_unicode_ci NOT NULL,
  `timezone` varchar(30) COLLATE utf8_unicode_ci DEFAULT NULL,
  `on` tinyint(1) unsigned NOT NULL DEFAULT '0',
  `maintenance` tinyint(1) unsigned NOT NULL DEFAULT '0',
  `track` varchar(40) COLLATE utf8_unicode_ci NOT NULL,
  `dateCreated` datetime NOT NULL,
  `dateUpdated` datetime NOT NULL,
  `uid` char(36) COLLATE utf8_unicode_ci NOT NULL DEFAULT '0',
  PRIMARY KEY (`id`)
) ENGINE=InnoDB AUTO_INCREMENT=2 DEFAULT CHARSET=utf8 COLLATE=utf8_unicode_ci;

--
-- Data for table `craft_info`
--

INSERT INTO `craft_info` (`id`, `version`, `build`, `schemaVersion`, `releaseDate`, `edition`, `siteName`, `siteUrl`, `timezone`, `on`, `maintenance`, `track`, `dateCreated`, `dateUpdated`, `uid`) VALUES
 ('1', '2.6', '2911', '2.6.5', '2016-08-16 17:20:51', '0', 'Jaymee Robertson', 'http://localhost:8888/jaymee.info/html', 'UTC', '1', '0', 'stable', '2016-02-28 00:53:46', '2016-08-20 18:16:27', '598d8505-c35b-40f3-bee1-97427f1bd45d');



DROP TABLE IF EXISTS `craft_locales`;


--
-- Schema for table `craft_locales`
--
CREATE TABLE `craft_locales` (
  `locale` char(12) COLLATE utf8_unicode_ci NOT NULL,
  `sortOrder` smallint(6) unsigned DEFAULT NULL,
  `dateCreated` datetime NOT NULL,
  `dateUpdated` datetime NOT NULL,
  `uid` char(36) COLLATE utf8_unicode_ci NOT NULL DEFAULT '0',
  PRIMARY KEY (`locale`),
  KEY `craft_locales_sortOrder_idx` (`sortOrder`)
) ENGINE=InnoDB DEFAULT CHARSET=utf8 COLLATE=utf8_unicode_ci;

--
-- Data for table `craft_locales`
--

INSERT INTO `craft_locales` (`locale`, `sortOrder`, `dateCreated`, `dateUpdated`, `uid`) VALUES
 ('en_us', '1', '2016-02-28 00:53:46', '2016-02-28 00:53:46', 'bd785876-ea39-4459-b8d0-acae63a00481');



DROP TABLE IF EXISTS `craft_matrixblocks`;


--
-- Schema for table `craft_matrixblocks`
--
CREATE TABLE `craft_matrixblocks` (
  `id` int(11) NOT NULL,
  `ownerId` int(11) NOT NULL,
  `fieldId` int(11) NOT NULL,
  `typeId` int(11) DEFAULT NULL,
  `sortOrder` smallint(6) unsigned DEFAULT NULL,
  `ownerLocale` char(12) COLLATE utf8_unicode_ci DEFAULT NULL,
  `dateCreated` datetime NOT NULL,
  `dateUpdated` datetime NOT NULL,
  `uid` char(36) COLLATE utf8_unicode_ci NOT NULL DEFAULT '0',
  PRIMARY KEY (`id`),
  KEY `craft_matrixblocks_ownerId_idx` (`ownerId`),
  KEY `craft_matrixblocks_fieldId_idx` (`fieldId`),
  KEY `craft_matrixblocks_typeId_idx` (`typeId`),
  KEY `craft_matrixblocks_sortOrder_idx` (`sortOrder`),
  KEY `craft_matrixblocks_ownerLocale_fk` (`ownerLocale`)
) ENGINE=InnoDB DEFAULT CHARSET=utf8 COLLATE=utf8_unicode_ci;

--
-- Data for table `craft_matrixblocks`
--

INSERT INTO `craft_matrixblocks` (`id`, `ownerId`, `fieldId`, `typeId`, `sortOrder`, `ownerLocale`, `dateCreated`, `dateUpdated`, `uid`) VALUES
 ('8', '2', '5', '1', '1', NULL, '2016-04-29 01:48:09', '2016-08-20 18:39:31', '73e9e962-070d-45b6-afa7-e7dd20ca32d3'),
 ('10', '2', '8', '3', '1', NULL, '2016-04-29 02:31:14', '2016-08-20 18:39:31', 'c792ee1f-b80a-4714-9273-eaee4f0fb187'),
 ('12', '2', '8', '4', '2', NULL, '2016-04-29 02:46:05', '2016-08-20 18:39:31', 'b4d998ee-7009-4332-82e3-03001a9f2051');



DROP TABLE IF EXISTS `craft_matrixblocktypes`;


--
-- Schema for table `craft_matrixblocktypes`
--
CREATE TABLE `craft_matrixblocktypes` (
  `id` int(11) NOT NULL AUTO_INCREMENT,
  `fieldId` int(11) NOT NULL,
  `fieldLayoutId` int(11) DEFAULT NULL,
  `name` varchar(255) COLLATE utf8_unicode_ci NOT NULL,
  `handle` varchar(255) COLLATE utf8_unicode_ci NOT NULL,
  `sortOrder` smallint(6) unsigned DEFAULT NULL,
  `dateCreated` datetime NOT NULL,
  `dateUpdated` datetime NOT NULL,
  `uid` char(36) COLLATE utf8_unicode_ci NOT NULL DEFAULT '0',
  PRIMARY KEY (`id`),
  UNIQUE KEY `craft_matrixblocktypes_name_fieldId_unq_idx` (`name`,`fieldId`),
  UNIQUE KEY `craft_matrixblocktypes_handle_fieldId_unq_idx` (`handle`,`fieldId`),
  KEY `craft_matrixblocktypes_fieldId_fk` (`fieldId`),
  KEY `craft_matrixblocktypes_fieldLayoutId_fk` (`fieldLayoutId`)
) ENGINE=InnoDB AUTO_INCREMENT=5 DEFAULT CHARSET=utf8 COLLATE=utf8_unicode_ci;

--
-- Data for table `craft_matrixblocktypes`
--

INSERT INTO `craft_matrixblocktypes` (`id`, `fieldId`, `fieldLayoutId`, `name`, `handle`, `sortOrder`, `dateCreated`, `dateUpdated`, `uid`) VALUES
 ('1', '5', '14', 'headers', 'headers', '1', '2016-04-29 01:39:51', '2016-04-29 02:07:18', '526e76c4-1919-4661-850c-d4b169f1714a'),
 ('3', '8', '41', 'themes', 'themes', '1', '2016-04-29 02:23:52', '2016-04-29 13:37:36', 'c59bf845-8a2a-476b-beae-a34c1e7d1e64'),
 ('4', '8', '42', 'projects', 'projects', '2', '2016-04-29 02:43:36', '2016-04-29 13:37:36', '413af681-e50a-4137-90a5-664c78ddb1a7');



DROP TABLE IF EXISTS `craft_matrixcontent_info`;


--
-- Schema for table `craft_matrixcontent_info`
--
CREATE TABLE `craft_matrixcontent_info` (
  `id` int(11) NOT NULL AUTO_INCREMENT,
  `elementId` int(11) NOT NULL,
  `locale` char(12) COLLATE utf8_unicode_ci NOT NULL,
  `field_headers_heading` text COLLATE utf8_unicode_ci,
  `field_headers_subheading` text COLLATE utf8_unicode_ci,
  `dateCreated` datetime NOT NULL,
  `dateUpdated` datetime NOT NULL,
  `uid` char(36) COLLATE utf8_unicode_ci NOT NULL DEFAULT '0',
  PRIMARY KEY (`id`),
  UNIQUE KEY `craft_matrixcontent_info_elementId_locale_unq_idx` (`elementId`,`locale`),
  KEY `craft_matrixcontent_info_locale_idx` (`locale`)
) ENGINE=InnoDB AUTO_INCREMENT=2 DEFAULT CHARSET=utf8 COLLATE=utf8_unicode_ci;

--
-- Data for table `craft_matrixcontent_info`
--

INSERT INTO `craft_matrixcontent_info` (`id`, `elementId`, `locale`, `field_headers_heading`, `field_headers_subheading`, `dateCreated`, `dateUpdated`, `uid`) VALUES
 ('1', '8', 'en_us', 'I make the web. I build rad websites and user interfaces. You can check out some of my projects at the links below.', 'Experienced in html5 css3 photoshop javascript jquery php sass git twig gulp', '2016-04-29 01:48:09', '2016-08-20 18:39:31', '7843a096-f10d-49ce-85a5-31f97f5f8424');



DROP TABLE IF EXISTS `craft_matrixcontent_work`;


--
-- Schema for table `craft_matrixcontent_work`
--
CREATE TABLE `craft_matrixcontent_work` (
  `id` int(11) NOT NULL AUTO_INCREMENT,
  `elementId` int(11) NOT NULL,
  `locale` char(12) COLLATE utf8_unicode_ci NOT NULL,
  `field_themes_heading` text COLLATE utf8_unicode_ci,
  `field_themes_list` text COLLATE utf8_unicode_ci,
  `field_projects_heading` text COLLATE utf8_unicode_ci,
  `field_projects_list` text COLLATE utf8_unicode_ci,
  `field_themes_note` text COLLATE utf8_unicode_ci,
  `dateCreated` datetime NOT NULL,
  `dateUpdated` datetime NOT NULL,
  `uid` char(36) COLLATE utf8_unicode_ci NOT NULL DEFAULT '0',
  PRIMARY KEY (`id`),
  UNIQUE KEY `craft_matrixcontent_work_elementId_locale_unq_idx` (`elementId`,`locale`),
  KEY `craft_matrixcontent_work_locale_fk` (`locale`)
) ENGINE=InnoDB AUTO_INCREMENT=5 DEFAULT CHARSET=utf8 COLLATE=utf8_unicode_ci;

--
-- Data for table `craft_matrixcontent_work`
--

INSERT INTO `craft_matrixcontent_work` (`id`, `elementId`, `locale`, `field_themes_heading`, `field_themes_list`, `field_projects_heading`, `field_projects_list`, `field_themes_note`, `dateCreated`, `dateUpdated`, `uid`) VALUES
 ('2', '10', 'en_us', 'Themes', '<ul><li><a href=\"http://aria.firespring.org/\">Aria</a></li><li><a href=\"http://essence.printerpresence.com\">Essence</a></li><li><a href=\"http://jaymee-plateau.presencehost.net/\">Plateau</a></li><li><a href=\"http://instinct.firespring.org\">Instinct</a></li><li><a href=\"http://skyline.firespring.org\">Skyline</a></li></ul>', NULL, NULL, '<p>Unless noted otherwise, all theme design rights go to the talented <a href=\"http://culture.firespring.com/people/team/creative\">Creative</a> team at <a href=\"http://www.firespring.com/\">Firespring</a>.</p>', '2016-04-29 02:31:14', '2016-08-20 18:39:31', '83e8a326-5c02-451c-bc5e-520ff85e7a76'),
 ('4', '12', 'en_us', NULL, NULL, '', '', NULL, '2016-04-29 02:46:05', '2016-08-20 18:39:31', 'd8d9306d-2007-43b3-9526-19e18c7c8304');



DROP TABLE IF EXISTS `craft_migrations`;


--
-- Schema for table `craft_migrations`
--
CREATE TABLE `craft_migrations` (
  `id` int(11) NOT NULL AUTO_INCREMENT,
  `pluginId` int(11) DEFAULT NULL,
  `version` varchar(255) COLLATE utf8_unicode_ci NOT NULL,
  `applyTime` datetime NOT NULL,
  `dateCreated` datetime NOT NULL,
  `dateUpdated` datetime NOT NULL,
  `uid` char(36) COLLATE utf8_unicode_ci NOT NULL DEFAULT '0',
  PRIMARY KEY (`id`),
  UNIQUE KEY `craft_migrations_version_unq_idx` (`version`),
  KEY `craft_migrations_pluginId_fk` (`pluginId`)
) ENGINE=InnoDB AUTO_INCREMENT=34 DEFAULT CHARSET=utf8 COLLATE=utf8_unicode_ci;

--
-- Data for table `craft_migrations`
--

INSERT INTO `craft_migrations` (`id`, `pluginId`, `version`, `applyTime`, `dateCreated`, `dateUpdated`, `uid`) VALUES
 ('1', NULL, 'm000000_000000_base', '2016-02-28 00:53:46', '2016-02-28 00:53:46', '2016-02-28 00:53:46', 'e10bfe8e-c3e1-454c-9912-bb4933e715dd'),
 ('2', NULL, 'm140730_000001_add_filename_and_format_to_transformindex', '2016-02-28 00:53:46', '2016-02-28 00:53:46', '2016-02-28 00:53:46', '28fe4842-f613-466b-a26f-bf0a072dc95e'),
 ('3', NULL, 'm140815_000001_add_format_to_transforms', '2016-02-28 00:53:46', '2016-02-28 00:53:46', '2016-02-28 00:53:46', '5a2a25b4-b3c6-4ad3-9782-d291a3943681'),
 ('4', NULL, 'm140822_000001_allow_more_than_128_items_per_field', '2016-02-28 00:53:46', '2016-02-28 00:53:46', '2016-02-28 00:53:46', 'f8a3c188-6580-414b-9a0f-ef1d9d714ea5'),
 ('5', NULL, 'm140829_000001_single_title_formats', '2016-02-28 00:53:46', '2016-02-28 00:53:46', '2016-02-28 00:53:46', '7ac261c1-cf53-4919-9886-8045b5a0ffea'),
 ('6', NULL, 'm140831_000001_extended_cache_keys', '2016-02-28 00:53:46', '2016-02-28 00:53:46', '2016-02-28 00:53:46', '81899498-5af5-4313-b928-799c9eb09606'),
 ('7', NULL, 'm140922_000001_delete_orphaned_matrix_blocks', '2016-02-28 00:53:46', '2016-02-28 00:53:46', '2016-02-28 00:53:46', '27db78ca-9780-4d29-896b-d1fa68c06208'),
 ('8', NULL, 'm141008_000001_elements_index_tune', '2016-02-28 00:53:46', '2016-02-28 00:53:46', '2016-02-28 00:53:46', 'ac15231e-01f7-4724-a03c-7c20e085b38d'),
 ('9', NULL, 'm141009_000001_assets_source_handle', '2016-02-28 00:53:46', '2016-02-28 00:53:46', '2016-02-28 00:53:46', 'a42224ab-2ad9-403b-9b41-f848239ab21e'),
 ('10', NULL, 'm141024_000001_field_layout_tabs', '2016-02-28 00:53:46', '2016-02-28 00:53:46', '2016-02-28 00:53:46', '41ef078c-f021-4f57-816d-230a89af77b8'),
 ('11', NULL, 'm141030_000000_plugin_schema_versions', '2016-02-28 00:53:46', '2016-02-28 00:53:46', '2016-02-28 00:53:46', '17f9c7cf-8134-4d97-8dca-69808a95da1e'),
 ('12', NULL, 'm141030_000001_drop_structure_move_permission', '2016-02-28 00:53:46', '2016-02-28 00:53:46', '2016-02-28 00:53:46', '56138930-d5f0-4cd1-ac44-f0c801fd04a6'),
 ('13', NULL, 'm141103_000001_tag_titles', '2016-02-28 00:53:46', '2016-02-28 00:53:46', '2016-02-28 00:53:46', 'b396416b-b77d-4c0a-9875-7a95dbfad774'),
 ('14', NULL, 'm141109_000001_user_status_shuffle', '2016-02-28 00:53:46', '2016-02-28 00:53:46', '2016-02-28 00:53:46', '1e377ca3-6d5c-45a1-bbda-5b108b65325b'),
 ('15', NULL, 'm141126_000001_user_week_start_day', '2016-02-28 00:53:46', '2016-02-28 00:53:46', '2016-02-28 00:53:46', '5c87e7b9-73c0-4946-bb5b-daf2ea602fc7'),
 ('16', NULL, 'm150210_000001_adjust_user_photo_size', '2016-02-28 00:53:46', '2016-02-28 00:53:46', '2016-02-28 00:53:46', '75c27ed6-0b91-4b82-bcd5-5affbf745419'),
 ('17', NULL, 'm150724_000001_adjust_quality_settings', '2016-02-28 00:53:46', '2016-02-28 00:53:46', '2016-02-28 00:53:46', 'c13586f0-8ea4-48a5-8282-5ffb418359d6'),
 ('18', NULL, 'm150827_000000_element_index_settings', '2016-02-28 00:53:46', '2016-02-28 00:53:46', '2016-02-28 00:53:46', '689c8799-9e89-4098-a4cd-e5e63e242174'),
 ('19', NULL, 'm150918_000001_add_colspan_to_widgets', '2016-02-28 00:53:46', '2016-02-28 00:53:46', '2016-02-28 00:53:46', '58a10413-80d1-4d0b-b127-7161a78a6942'),
 ('20', NULL, 'm151007_000000_clear_asset_caches', '2016-02-28 00:53:46', '2016-02-28 00:53:46', '2016-02-28 00:53:46', 'd827a6da-b177-44f7-8c8f-fa1bed27cd98'),
 ('21', NULL, 'm151109_000000_text_url_formats', '2016-02-28 00:53:46', '2016-02-28 00:53:46', '2016-02-28 00:53:46', '5a633717-680a-4387-b69c-d50354519f23'),
 ('22', NULL, 'm151110_000000_move_logo', '2016-02-28 00:53:46', '2016-02-28 00:53:46', '2016-02-28 00:53:46', '28ea8190-f6ae-448b-8d80-f44469dd2b85'),
 ('23', NULL, 'm151117_000000_adjust_image_widthheight', '2016-02-28 00:53:46', '2016-02-28 00:53:46', '2016-02-28 00:53:46', 'dea2020b-5277-4c4c-a215-5bca31189273'),
 ('24', NULL, 'm151127_000000_clear_license_key_status', '2016-02-28 00:53:46', '2016-02-28 00:53:46', '2016-02-28 00:53:46', '21b92c30-b2fa-4177-8146-88a1fd0fca0b'),
 ('25', NULL, 'm151127_000000_plugin_license_keys', '2016-02-28 00:53:46', '2016-02-28 00:53:46', '2016-02-28 00:53:46', '9a40c901-fbc7-428b-a716-873f9d25c295'),
 ('26', NULL, 'm151130_000000_update_pt_widget_feeds', '2016-02-28 00:53:46', '2016-02-28 00:53:46', '2016-02-28 00:53:46', 'd611ff0d-6729-45b2-8f73-6d2a4ee2804a'),
 ('27', NULL, 'm160223_000000_sortorder_to_smallint', '2016-02-28 00:53:46', '2016-02-28 00:53:46', '2016-02-28 00:53:46', '8ee1d203-9d1a-4ad5-9e37-aae4a193abdc'),
 ('28', NULL, 'm160114_000000_asset_sources_public_url_default_true', '2016-04-29 01:06:16', '2016-04-29 01:06:16', '2016-04-29 01:06:16', 'f7d9ed2a-0e50-4f71-9da4-0da0ee6fe749'),
 ('29', NULL, 'm160229_000000_set_default_entry_statuses', '2016-04-29 01:06:16', '2016-04-29 01:06:16', '2016-04-29 01:06:16', '34cd58ed-16d2-4a51-8987-738f8e4b0b5f'),
 ('30', NULL, 'm160304_000000_client_permissions', '2016-04-29 01:06:16', '2016-04-29 01:06:16', '2016-04-29 01:06:16', 'abd7ba65-3364-4a56-8c1f-81edaccf04f1'),
 ('31', NULL, 'm160322_000000_asset_filesize', '2016-04-29 01:06:16', '2016-04-29 01:06:16', '2016-04-29 01:06:16', 'edb3e4e5-5af4-4021-abb7-84807de4e572'),
 ('32', NULL, 'm160503_000000_orphaned_fieldlayouts', '2016-08-20 18:16:27', '2016-08-20 18:16:27', '2016-08-20 18:16:27', 'a30170f9-bbc3-4dd1-8324-b5af68cd1b97'),
 ('33', NULL, 'm160510_000000_tasksettings', '2016-08-20 18:16:27', '2016-08-20 18:16:27', '2016-08-20 18:16:27', 'ae14cbcf-c31c-4b8d-86cf-6a87a7acb958');



DROP TABLE IF EXISTS `craft_plugins`;


--
-- Schema for table `craft_plugins`
--
CREATE TABLE `craft_plugins` (
  `id` int(11) NOT NULL AUTO_INCREMENT,
  `class` varchar(150) COLLATE utf8_unicode_ci NOT NULL,
  `version` varchar(15) COLLATE utf8_unicode_ci NOT NULL,
  `schemaVersion` varchar(15) COLLATE utf8_unicode_ci DEFAULT NULL,
  `licenseKey` char(24) COLLATE utf8_unicode_ci DEFAULT NULL,
  `licenseKeyStatus` enum('valid','invalid','mismatched','unknown') COLLATE utf8_unicode_ci NOT NULL DEFAULT 'unknown',
  `enabled` tinyint(1) unsigned NOT NULL DEFAULT '0',
  `settings` text COLLATE utf8_unicode_ci,
  `installDate` datetime NOT NULL,
  `dateCreated` datetime NOT NULL,
  `dateUpdated` datetime NOT NULL,
  `uid` char(36) COLLATE utf8_unicode_ci NOT NULL DEFAULT '0',
  PRIMARY KEY (`id`)
) ENGINE=InnoDB DEFAULT CHARSET=utf8 COLLATE=utf8_unicode_ci;

DROP TABLE IF EXISTS `craft_rackspaceaccess`;


--
-- Schema for table `craft_rackspaceaccess`
--
CREATE TABLE `craft_rackspaceaccess` (
  `id` int(11) NOT NULL AUTO_INCREMENT,
  `connectionKey` varchar(255) COLLATE utf8_unicode_ci NOT NULL,
  `token` varchar(255) COLLATE utf8_unicode_ci NOT NULL,
  `storageUrl` varchar(255) COLLATE utf8_unicode_ci NOT NULL,
  `cdnUrl` varchar(255) COLLATE utf8_unicode_ci NOT NULL,
  `dateCreated` datetime NOT NULL,
  `dateUpdated` datetime NOT NULL,
  `uid` char(36) COLLATE utf8_unicode_ci NOT NULL DEFAULT '0',
  PRIMARY KEY (`id`),
  UNIQUE KEY `craft_rackspaceaccess_connectionKey_unq_idx` (`connectionKey`)
) ENGINE=InnoDB DEFAULT CHARSET=utf8 COLLATE=utf8_unicode_ci;

DROP TABLE IF EXISTS `craft_relations`;


--
-- Schema for table `craft_relations`
--
CREATE TABLE `craft_relations` (
  `id` int(11) NOT NULL AUTO_INCREMENT,
  `fieldId` int(11) NOT NULL,
  `sourceId` int(11) NOT NULL,
  `sourceLocale` char(12) COLLATE utf8_unicode_ci DEFAULT NULL,
  `targetId` int(11) NOT NULL,
  `sortOrder` smallint(6) DEFAULT NULL,
  `dateCreated` datetime NOT NULL,
  `dateUpdated` datetime NOT NULL,
  `uid` char(36) COLLATE utf8_unicode_ci NOT NULL DEFAULT '0',
  PRIMARY KEY (`id`),
  UNIQUE KEY `craft_relations_fieldId_sourceId_sourceLocale_targetId_unq_idx` (`fieldId`,`sourceId`,`sourceLocale`,`targetId`),
  KEY `craft_relations_sourceId_fk` (`sourceId`),
  KEY `craft_relations_sourceLocale_fk` (`sourceLocale`),
  KEY `craft_relations_targetId_fk` (`targetId`)
) ENGINE=InnoDB DEFAULT CHARSET=utf8 COLLATE=utf8_unicode_ci;

DROP TABLE IF EXISTS `craft_routes`;


--
-- Schema for table `craft_routes`
--
CREATE TABLE `craft_routes` (
  `id` int(11) NOT NULL AUTO_INCREMENT,
  `locale` char(12) COLLATE utf8_unicode_ci DEFAULT NULL,
  `urlParts` varchar(255) COLLATE utf8_unicode_ci NOT NULL,
  `urlPattern` varchar(255) COLLATE utf8_unicode_ci NOT NULL,
  `template` varchar(255) COLLATE utf8_unicode_ci NOT NULL,
  `sortOrder` smallint(6) unsigned DEFAULT NULL,
  `dateCreated` datetime NOT NULL,
  `dateUpdated` datetime NOT NULL,
  `uid` char(36) COLLATE utf8_unicode_ci NOT NULL DEFAULT '0',
  PRIMARY KEY (`id`),
  UNIQUE KEY `craft_routes_urlPattern_unq_idx` (`urlPattern`),
  KEY `craft_routes_locale_idx` (`locale`)
) ENGINE=InnoDB DEFAULT CHARSET=utf8 COLLATE=utf8_unicode_ci;

DROP TABLE IF EXISTS `craft_searchindex`;


--
-- Schema for table `craft_searchindex`
--
CREATE TABLE `craft_searchindex` (
  `elementId` int(11) NOT NULL,
  `attribute` varchar(25) COLLATE utf8_unicode_ci NOT NULL,
  `fieldId` int(11) NOT NULL,
  `locale` char(12) COLLATE utf8_unicode_ci NOT NULL,
  `keywords` text COLLATE utf8_unicode_ci NOT NULL,
  PRIMARY KEY (`elementId`,`attribute`,`fieldId`,`locale`),
  FULLTEXT KEY `craft_searchindex_keywords_idx` (`keywords`)
) ENGINE=MyISAM DEFAULT CHARSET=utf8 COLLATE=utf8_unicode_ci;

--
-- Data for table `craft_searchindex`
--

INSERT INTO `craft_searchindex` (`elementId`, `attribute`, `fieldId`, `locale`, `keywords`) VALUES
 ('1', 'username', '0', 'en_us', ' hellojaymee '),
 ('1', 'firstname', '0', 'en_us', ''),
 ('1', 'lastname', '0', 'en_us', ''),
 ('1', 'fullname', '0', 'en_us', ''),
 ('1', 'email', '0', 'en_us', ' jaymee robertson gmail com '),
 ('1', 'slug', '0', 'en_us', ''),
 ('2', 'slug', '0', 'en_us', ' homepage '),
 ('2', 'title', '0', 'en_us', ' jaymee info homepage '),
 ('2', 'field', '1', 'en_us', ' githubcodepentwitterlinkedin '),
 ('8', 'field', '6', 'en_us', ' i make the web i build rad websites and user interfaces you can check out some of my projects at the links below '),
 ('2', 'field', '5', 'en_us', ' i make the web i build rad websites and user interfaces you can check out some of my projects at the links below experienced in html5 css3 photoshop javascript jquery php sass git twig gulp '),
 ('3', 'field', '1', 'en_us', ' craft is the cms that s powering localhost it s beautiful powerful flexible and easy to use and it s made by pixel tonic we can t wait to dive in and see what it s capable of this is even more captivating content which you couldn t see on the news index page because it was entered after a page break and the news index template only likes to show the content on the first page craft a nice alternative to word if you re making a website '),
 ('3', 'field', '2', 'en_us', ''),
 ('3', 'slug', '0', 'en_us', ''),
 ('3', 'title', '0', 'en_us', ' we just installed craft '),
 ('4', 'slug', '0', 'en_us', ' web dev yoga '),
 ('4', 'title', '0', 'en_us', ' web development is like yoga '),
 ('4', 'field', '1', 'en_us', ' we progress we always progress or try to '),
 ('4', 'field', '2', 'en_us', ' yoga frontend webdevelopment '),
 ('5', 'name', '0', 'en_us', ' yoga '),
 ('5', 'slug', '0', 'en_us', ''),
 ('5', 'title', '0', 'en_us', ' yoga '),
 ('6', 'name', '0', 'en_us', ' frontend '),
 ('6', 'slug', '0', 'en_us', ''),
 ('6', 'title', '0', 'en_us', ' frontend '),
 ('7', 'name', '0', 'en_us', ' webdevelopment '),
 ('7', 'slug', '0', 'en_us', ''),
 ('7', 'title', '0', 'en_us', ' webdevelopment '),
 ('2', 'field', '3', 'en_us', ' jaymee '),
 ('2', 'field', '4', 'en_us', ' web developer designer '),
 ('2', 'field', '2', 'en_us', ''),
 ('8', 'field', '7', 'en_us', ' experienced in html5 css3 photoshop javascript jquery php sass git twig gulp '),
 ('8', 'slug', '0', 'en_us', ''),
 ('2', 'field', '8', 'en_us', ' themes ariaessenceplateauinstinctskyline unless noted otherwise all theme design rights go to the talented creative team at firespring '),
 ('10', 'field', '11', 'en_us', ' themes '),
 ('10', 'field', '12', 'en_us', ' ariaessenceplateauinstinctskyline '),
 ('10', 'slug', '0', 'en_us', ''),
 ('12', 'field', '13', 'en_us', ''),
 ('12', 'field', '14', 'en_us', ''),
 ('12', 'slug', '0', 'en_us', ''),
 ('10', 'field', '15', 'en_us', ' unless noted otherwise all theme design rights go to the talented creative team at firespring '),
 ('12', 'field', '16', 'en_us', '');



DROP TABLE IF EXISTS `craft_sections`;


--
-- Schema for table `craft_sections`
--
CREATE TABLE `craft_sections` (
  `id` int(11) NOT NULL AUTO_INCREMENT,
  `structureId` int(11) DEFAULT NULL,
  `name` varchar(255) COLLATE utf8_unicode_ci NOT NULL,
  `handle` varchar(255) COLLATE utf8_unicode_ci NOT NULL,
  `type` enum('single','channel','structure') COLLATE utf8_unicode_ci NOT NULL DEFAULT 'channel',
  `hasUrls` tinyint(1) unsigned NOT NULL DEFAULT '1',
  `template` varchar(500) COLLATE utf8_unicode_ci DEFAULT NULL,
  `enableVersioning` tinyint(1) unsigned NOT NULL DEFAULT '0',
  `dateCreated` datetime NOT NULL,
  `dateUpdated` datetime NOT NULL,
  `uid` char(36) COLLATE utf8_unicode_ci NOT NULL DEFAULT '0',
  PRIMARY KEY (`id`),
  UNIQUE KEY `craft_sections_name_unq_idx` (`name`),
  UNIQUE KEY `craft_sections_handle_unq_idx` (`handle`),
  KEY `craft_sections_structureId_fk` (`structureId`)
) ENGINE=InnoDB AUTO_INCREMENT=4 DEFAULT CHARSET=utf8 COLLATE=utf8_unicode_ci;

--
-- Data for table `craft_sections`
--

INSERT INTO `craft_sections` (`id`, `structureId`, `name`, `handle`, `type`, `hasUrls`, `template`, `enableVersioning`, `dateCreated`, `dateUpdated`, `uid`) VALUES
 ('1', NULL, 'Homepage', 'homepage', 'single', '1', 'index', '1', '2016-02-28 00:53:51', '2016-04-29 01:25:19', '5e8be326-ccdc-459f-ae9e-fe8e49d32b62'),
 ('2', NULL, 'News', 'news', 'channel', '1', 'news/_entry', '1', '2016-02-28 00:53:51', '2016-02-28 00:53:51', 'aec05540-2572-4be0-8c35-1d13b35b913c'),
 ('3', NULL, 'Blog', 'blog', 'channel', '1', 'blog/_entry', '1', '2016-02-28 02:28:53', '2016-02-28 02:38:43', 'b6ff53ae-8bb4-4ebc-bf40-bd9208cec927');



DROP TABLE IF EXISTS `craft_sections_i18n`;


--
-- Schema for table `craft_sections_i18n`
--
CREATE TABLE `craft_sections_i18n` (
  `id` int(11) NOT NULL AUTO_INCREMENT,
  `sectionId` int(11) NOT NULL,
  `locale` char(12) COLLATE utf8_unicode_ci NOT NULL,
  `enabledByDefault` tinyint(1) unsigned NOT NULL DEFAULT '1',
  `urlFormat` text COLLATE utf8_unicode_ci,
  `nestedUrlFormat` text COLLATE utf8_unicode_ci,
  `dateCreated` datetime NOT NULL,
  `dateUpdated` datetime NOT NULL,
  `uid` char(36) COLLATE utf8_unicode_ci NOT NULL DEFAULT '0',
  PRIMARY KEY (`id`),
  UNIQUE KEY `craft_sections_i18n_sectionId_locale_unq_idx` (`sectionId`,`locale`),
  KEY `craft_sections_i18n_locale_fk` (`locale`)
) ENGINE=InnoDB AUTO_INCREMENT=4 DEFAULT CHARSET=utf8 COLLATE=utf8_unicode_ci;

--
-- Data for table `craft_sections_i18n`
--

INSERT INTO `craft_sections_i18n` (`id`, `sectionId`, `locale`, `enabledByDefault`, `urlFormat`, `nestedUrlFormat`, `dateCreated`, `dateUpdated`, `uid`) VALUES
 ('1', '1', 'en_us', '1', '__home__', NULL, '2016-02-28 00:53:51', '2016-04-29 01:06:16', 'cd210fb4-5ac7-4b90-9037-692a5c2f448c'),
 ('2', '2', 'en_us', '1', 'news/{postDate.year}/{slug}', NULL, '2016-02-28 00:53:51', '2016-04-29 01:06:16', 'aebafaa3-e263-4b19-9191-e38820f6c256'),
 ('3', '3', 'en_us', '1', 'blog/{slug}', NULL, '2016-02-28 02:28:53', '2016-04-29 01:06:16', 'a0954917-e0de-43ad-a94e-65ef52f2526f');



DROP TABLE IF EXISTS `craft_sessions`;


--
-- Schema for table `craft_sessions`
--
CREATE TABLE `craft_sessions` (
  `id` int(11) NOT NULL AUTO_INCREMENT,
  `userId` int(11) NOT NULL,
  `token` char(100) COLLATE utf8_unicode_ci NOT NULL,
  `dateCreated` datetime NOT NULL,
  `dateUpdated` datetime NOT NULL,
  `uid` char(36) COLLATE utf8_unicode_ci NOT NULL DEFAULT '0',
  PRIMARY KEY (`id`),
  KEY `craft_sessions_uid_idx` (`uid`),
  KEY `craft_sessions_token_idx` (`token`),
  KEY `craft_sessions_dateUpdated_idx` (`dateUpdated`),
  KEY `craft_sessions_userId_fk` (`userId`)
) ENGINE=InnoDB AUTO_INCREMENT=19 DEFAULT CHARSET=utf8 COLLATE=utf8_unicode_ci;

DROP TABLE IF EXISTS `craft_shunnedmessages`;


--
-- Schema for table `craft_shunnedmessages`
--
CREATE TABLE `craft_shunnedmessages` (
  `id` int(11) NOT NULL AUTO_INCREMENT,
  `userId` int(11) NOT NULL,
  `message` varchar(255) COLLATE utf8_unicode_ci NOT NULL,
  `expiryDate` datetime DEFAULT NULL,
  `dateCreated` datetime NOT NULL,
  `dateUpdated` datetime NOT NULL,
  `uid` char(36) COLLATE utf8_unicode_ci NOT NULL DEFAULT '0',
  PRIMARY KEY (`id`),
  UNIQUE KEY `craft_shunnedmessages_userId_message_unq_idx` (`userId`,`message`)
) ENGINE=InnoDB DEFAULT CHARSET=utf8 COLLATE=utf8_unicode_ci;

DROP TABLE IF EXISTS `craft_structureelements`;


--
-- Schema for table `craft_structureelements`
--
CREATE TABLE `craft_structureelements` (
  `id` int(11) NOT NULL AUTO_INCREMENT,
  `structureId` int(11) NOT NULL,
  `elementId` int(11) DEFAULT NULL,
  `root` int(11) unsigned DEFAULT NULL,
  `lft` int(11) unsigned NOT NULL,
  `rgt` int(11) unsigned NOT NULL,
  `level` smallint(6) unsigned NOT NULL,
  `dateCreated` datetime NOT NULL,
  `dateUpdated` datetime NOT NULL,
  `uid` char(36) COLLATE utf8_unicode_ci NOT NULL DEFAULT '0',
  PRIMARY KEY (`id`),
  UNIQUE KEY `craft_structureelements_structureId_elementId_unq_idx` (`structureId`,`elementId`),
  KEY `craft_structureelements_root_idx` (`root`),
  KEY `craft_structureelements_lft_idx` (`lft`),
  KEY `craft_structureelements_rgt_idx` (`rgt`),
  KEY `craft_structureelements_level_idx` (`level`),
  KEY `craft_structureelements_elementId_fk` (`elementId`)
) ENGINE=InnoDB DEFAULT CHARSET=utf8 COLLATE=utf8_unicode_ci;

DROP TABLE IF EXISTS `craft_structures`;


--
-- Schema for table `craft_structures`
--
CREATE TABLE `craft_structures` (
  `id` int(11) NOT NULL AUTO_INCREMENT,
  `maxLevels` smallint(6) unsigned DEFAULT NULL,
  `dateCreated` datetime NOT NULL,
  `dateUpdated` datetime NOT NULL,
  `uid` char(36) COLLATE utf8_unicode_ci NOT NULL DEFAULT '0',
  PRIMARY KEY (`id`)
) ENGINE=InnoDB DEFAULT CHARSET=utf8 COLLATE=utf8_unicode_ci;

DROP TABLE IF EXISTS `craft_systemsettings`;


--
-- Schema for table `craft_systemsettings`
--
CREATE TABLE `craft_systemsettings` (
  `id` int(11) NOT NULL AUTO_INCREMENT,
  `category` varchar(15) COLLATE utf8_unicode_ci NOT NULL,
  `settings` text COLLATE utf8_unicode_ci,
  `dateCreated` datetime NOT NULL,
  `dateUpdated` datetime NOT NULL,
  `uid` char(36) COLLATE utf8_unicode_ci NOT NULL DEFAULT '0',
  PRIMARY KEY (`id`),
  UNIQUE KEY `craft_systemsettings_category_unq_idx` (`category`)
) ENGINE=InnoDB AUTO_INCREMENT=2 DEFAULT CHARSET=utf8 COLLATE=utf8_unicode_ci;

--
-- Data for table `craft_systemsettings`
--

INSERT INTO `craft_systemsettings` (`id`, `category`, `settings`, `dateCreated`, `dateUpdated`, `uid`) VALUES
 ('1', 'email', '{\"protocol\":\"php\",\"emailAddress\":\"jaymee.robertson@gmail.com\",\"senderName\":\"Jaymee Robertson\"}', '2016-02-28 00:53:51', '2016-02-28 00:53:51', '34e604bc-1389-48d5-8af2-9f7f0bed7687');



DROP TABLE IF EXISTS `craft_taggroups`;


--
-- Schema for table `craft_taggroups`
--
CREATE TABLE `craft_taggroups` (
  `id` int(11) NOT NULL AUTO_INCREMENT,
  `name` varchar(255) COLLATE utf8_unicode_ci NOT NULL,
  `handle` varchar(255) COLLATE utf8_unicode_ci NOT NULL,
  `fieldLayoutId` int(10) DEFAULT NULL,
  `dateCreated` datetime NOT NULL,
  `dateUpdated` datetime NOT NULL,
  `uid` char(36) COLLATE utf8_unicode_ci NOT NULL DEFAULT '0',
  PRIMARY KEY (`id`),
  UNIQUE KEY `craft_taggroups_name_unq_idx` (`name`),
  UNIQUE KEY `craft_taggroups_handle_unq_idx` (`handle`),
  KEY `craft_taggroups_fieldLayoutId_fk` (`fieldLayoutId`)
) ENGINE=InnoDB AUTO_INCREMENT=2 DEFAULT CHARSET=utf8 COLLATE=utf8_unicode_ci;

--
-- Data for table `craft_taggroups`
--

INSERT INTO `craft_taggroups` (`id`, `name`, `handle`, `fieldLayoutId`, `dateCreated`, `dateUpdated`, `uid`) VALUES
 ('1', 'Default', 'default', '1', '2016-02-28 00:53:51', '2016-02-28 00:53:51', 'b8725fae-b749-486b-9056-8a9ce8ea5814');



DROP TABLE IF EXISTS `craft_tags`;


--
-- Schema for table `craft_tags`
--
CREATE TABLE `craft_tags` (
  `id` int(11) NOT NULL,
  `groupId` int(11) NOT NULL,
  `dateCreated` datetime NOT NULL,
  `dateUpdated` datetime NOT NULL,
  `uid` char(36) COLLATE utf8_unicode_ci NOT NULL DEFAULT '0',
  PRIMARY KEY (`id`),
  KEY `craft_tags_groupId_fk` (`groupId`)
) ENGINE=InnoDB DEFAULT CHARSET=utf8 COLLATE=utf8_unicode_ci;

--
-- Data for table `craft_tags`
--

INSERT INTO `craft_tags` (`id`, `groupId`, `dateCreated`, `dateUpdated`, `uid`) VALUES
 ('5', '1', '2016-02-28 02:52:19', '2016-02-28 02:52:19', '689e6243-10d7-42dc-a6db-f2d3384a932a'),
 ('6', '1', '2016-02-28 02:52:28', '2016-02-28 02:52:28', '111e874f-01be-47a2-b4af-f1b4d90a3dd1'),
 ('7', '1', '2016-02-28 02:52:33', '2016-02-28 02:52:33', '6f32a0cb-9a4d-4e6a-aa53-953127842b0a');



DROP TABLE IF EXISTS `craft_tasks`;


--
-- Schema for table `craft_tasks`
--
CREATE TABLE `craft_tasks` (
  `id` int(11) NOT NULL AUTO_INCREMENT,
  `root` int(11) unsigned DEFAULT NULL,
  `lft` int(11) unsigned NOT NULL,
  `rgt` int(11) unsigned NOT NULL,
  `level` smallint(6) unsigned NOT NULL,
  `currentStep` int(11) unsigned DEFAULT NULL,
  `totalSteps` int(11) unsigned DEFAULT NULL,
  `status` enum('pending','error','running') COLLATE utf8_unicode_ci DEFAULT NULL,
  `type` varchar(150) COLLATE utf8_unicode_ci NOT NULL,
  `description` varchar(255) COLLATE utf8_unicode_ci DEFAULT NULL,
  `settings` mediumtext COLLATE utf8_unicode_ci,
  `dateCreated` datetime NOT NULL,
  `dateUpdated` datetime NOT NULL,
  `uid` char(36) COLLATE utf8_unicode_ci NOT NULL DEFAULT '0',
  PRIMARY KEY (`id`),
  KEY `craft_tasks_root_idx` (`root`),
  KEY `craft_tasks_lft_idx` (`lft`),
  KEY `craft_tasks_rgt_idx` (`rgt`),
  KEY `craft_tasks_level_idx` (`level`)
) ENGINE=InnoDB AUTO_INCREMENT=2 DEFAULT CHARSET=utf8 COLLATE=utf8_unicode_ci;

DROP TABLE IF EXISTS `craft_templatecachecriteria`;


--
-- Schema for table `craft_templatecachecriteria`
--
CREATE TABLE `craft_templatecachecriteria` (
  `id` int(11) NOT NULL AUTO_INCREMENT,
  `cacheId` int(11) NOT NULL,
  `type` varchar(150) COLLATE utf8_unicode_ci NOT NULL,
  `criteria` text COLLATE utf8_unicode_ci NOT NULL,
  PRIMARY KEY (`id`),
  KEY `craft_templatecachecriteria_cacheId_fk` (`cacheId`),
  KEY `craft_templatecachecriteria_type_idx` (`type`)
) ENGINE=InnoDB DEFAULT CHARSET=utf8 COLLATE=utf8_unicode_ci;

DROP TABLE IF EXISTS `craft_templatecacheelements`;


--
-- Schema for table `craft_templatecacheelements`
--
CREATE TABLE `craft_templatecacheelements` (
  `cacheId` int(11) NOT NULL,
  `elementId` int(11) NOT NULL,
  KEY `craft_templatecacheelements_cacheId_fk` (`cacheId`),
  KEY `craft_templatecacheelements_elementId_fk` (`elementId`)
) ENGINE=InnoDB DEFAULT CHARSET=utf8 COLLATE=utf8_unicode_ci;

DROP TABLE IF EXISTS `craft_templatecaches`;


--
-- Schema for table `craft_templatecaches`
--
CREATE TABLE `craft_templatecaches` (
  `id` int(11) NOT NULL AUTO_INCREMENT,
  `cacheKey` varchar(255) COLLATE utf8_unicode_ci NOT NULL,
  `locale` char(12) COLLATE utf8_unicode_ci NOT NULL,
  `path` varchar(255) COLLATE utf8_unicode_ci DEFAULT NULL,
  `expiryDate` datetime NOT NULL,
  `body` mediumtext COLLATE utf8_unicode_ci NOT NULL,
  PRIMARY KEY (`id`),
  KEY `craft_templatecaches_expiryDate_cacheKey_locale_path_idx` (`expiryDate`,`cacheKey`,`locale`,`path`),
  KEY `craft_templatecaches_locale_fk` (`locale`)
) ENGINE=InnoDB DEFAULT CHARSET=utf8 COLLATE=utf8_unicode_ci;

DROP TABLE IF EXISTS `craft_tokens`;


--
-- Schema for table `craft_tokens`
--
CREATE TABLE `craft_tokens` (
  `id` int(11) NOT NULL AUTO_INCREMENT,
  `token` char(32) COLLATE utf8_unicode_ci NOT NULL,
  `route` text COLLATE utf8_unicode_ci,
  `usageLimit` tinyint(3) unsigned DEFAULT NULL,
  `usageCount` tinyint(3) unsigned DEFAULT NULL,
  `expiryDate` datetime NOT NULL,
  `dateCreated` datetime NOT NULL,
  `dateUpdated` datetime NOT NULL,
  `uid` char(36) COLLATE utf8_unicode_ci NOT NULL DEFAULT '0',
  PRIMARY KEY (`id`),
  UNIQUE KEY `craft_tokens_token_unq_idx` (`token`),
  KEY `craft_tokens_expiryDate_idx` (`expiryDate`)
) ENGINE=InnoDB DEFAULT CHARSET=utf8 COLLATE=utf8_unicode_ci;

DROP TABLE IF EXISTS `craft_usergroups`;


--
-- Schema for table `craft_usergroups`
--
CREATE TABLE `craft_usergroups` (
  `id` int(11) NOT NULL AUTO_INCREMENT,
  `name` varchar(255) COLLATE utf8_unicode_ci NOT NULL,
  `handle` varchar(255) COLLATE utf8_unicode_ci NOT NULL,
  `dateCreated` datetime NOT NULL,
  `dateUpdated` datetime NOT NULL,
  `uid` char(36) COLLATE utf8_unicode_ci NOT NULL DEFAULT '0',
  PRIMARY KEY (`id`)
) ENGINE=InnoDB DEFAULT CHARSET=utf8 COLLATE=utf8_unicode_ci;

DROP TABLE IF EXISTS `craft_usergroups_users`;


--
-- Schema for table `craft_usergroups_users`
--
CREATE TABLE `craft_usergroups_users` (
  `id` int(11) NOT NULL AUTO_INCREMENT,
  `groupId` int(11) NOT NULL,
  `userId` int(11) NOT NULL,
  `dateCreated` datetime NOT NULL,
  `dateUpdated` datetime NOT NULL,
  `uid` char(36) COLLATE utf8_unicode_ci NOT NULL DEFAULT '0',
  PRIMARY KEY (`id`),
  UNIQUE KEY `craft_usergroups_users_groupId_userId_unq_idx` (`groupId`,`userId`),
  KEY `craft_usergroups_users_userId_fk` (`userId`)
) ENGINE=InnoDB DEFAULT CHARSET=utf8 COLLATE=utf8_unicode_ci;

DROP TABLE IF EXISTS `craft_userpermissions`;


--
-- Schema for table `craft_userpermissions`
--
CREATE TABLE `craft_userpermissions` (
  `id` int(11) NOT NULL AUTO_INCREMENT,
  `name` varchar(255) COLLATE utf8_unicode_ci NOT NULL,
  `dateCreated` datetime NOT NULL,
  `dateUpdated` datetime NOT NULL,
  `uid` char(36) COLLATE utf8_unicode_ci NOT NULL DEFAULT '0',
  PRIMARY KEY (`id`),
  UNIQUE KEY `craft_userpermissions_name_unq_idx` (`name`)
) ENGINE=InnoDB DEFAULT CHARSET=utf8 COLLATE=utf8_unicode_ci;

DROP TABLE IF EXISTS `craft_userpermissions_usergroups`;


--
-- Schema for table `craft_userpermissions_usergroups`
--
CREATE TABLE `craft_userpermissions_usergroups` (
  `id` int(11) NOT NULL AUTO_INCREMENT,
  `permissionId` int(11) NOT NULL,
  `groupId` int(11) NOT NULL,
  `dateCreated` datetime NOT NULL,
  `dateUpdated` datetime NOT NULL,
  `uid` char(36) COLLATE utf8_unicode_ci NOT NULL DEFAULT '0',
  PRIMARY KEY (`id`),
  UNIQUE KEY `craft_userpermissions_usergroups_permissionId_groupId_unq_idx` (`permissionId`,`groupId`),
  KEY `craft_userpermissions_usergroups_groupId_fk` (`groupId`)
) ENGINE=InnoDB DEFAULT CHARSET=utf8 COLLATE=utf8_unicode_ci;

DROP TABLE IF EXISTS `craft_userpermissions_users`;


--
-- Schema for table `craft_userpermissions_users`
--
CREATE TABLE `craft_userpermissions_users` (
  `id` int(11) NOT NULL AUTO_INCREMENT,
  `permissionId` int(11) NOT NULL,
  `userId` int(11) NOT NULL,
  `dateCreated` datetime NOT NULL,
  `dateUpdated` datetime NOT NULL,
  `uid` char(36) COLLATE utf8_unicode_ci NOT NULL DEFAULT '0',
  PRIMARY KEY (`id`),
  UNIQUE KEY `craft_userpermissions_users_permissionId_userId_unq_idx` (`permissionId`,`userId`),
  KEY `craft_userpermissions_users_userId_fk` (`userId`)
) ENGINE=InnoDB DEFAULT CHARSET=utf8 COLLATE=utf8_unicode_ci;

DROP TABLE IF EXISTS `craft_users`;


--
-- Schema for table `craft_users`
--
CREATE TABLE `craft_users` (
  `id` int(11) NOT NULL,
  `username` varchar(100) COLLATE utf8_unicode_ci NOT NULL,
  `photo` varchar(100) COLLATE utf8_unicode_ci DEFAULT NULL,
  `firstName` varchar(100) COLLATE utf8_unicode_ci DEFAULT NULL,
  `lastName` varchar(100) COLLATE utf8_unicode_ci DEFAULT NULL,
  `email` varchar(255) COLLATE utf8_unicode_ci NOT NULL,
  `password` char(255) COLLATE utf8_unicode_ci DEFAULT NULL,
  `preferredLocale` char(12) COLLATE utf8_unicode_ci DEFAULT NULL,
  `weekStartDay` tinyint(1) unsigned NOT NULL DEFAULT '0',
  `admin` tinyint(1) unsigned NOT NULL DEFAULT '0',
  `client` tinyint(1) unsigned NOT NULL DEFAULT '0',
  `locked` tinyint(1) unsigned NOT NULL DEFAULT '0',
  `suspended` tinyint(1) unsigned NOT NULL DEFAULT '0',
  `pending` tinyint(1) unsigned NOT NULL DEFAULT '0',
  `archived` tinyint(1) unsigned NOT NULL DEFAULT '0',
  `lastLoginDate` datetime DEFAULT NULL,
  `lastLoginAttemptIPAddress` varchar(45) COLLATE utf8_unicode_ci DEFAULT NULL,
  `invalidLoginWindowStart` datetime DEFAULT NULL,
  `invalidLoginCount` tinyint(4) unsigned DEFAULT NULL,
  `lastInvalidLoginDate` datetime DEFAULT NULL,
  `lockoutDate` datetime DEFAULT NULL,
  `verificationCode` char(100) COLLATE utf8_unicode_ci DEFAULT NULL,
  `verificationCodeIssuedDate` datetime DEFAULT NULL,
  `unverifiedEmail` varchar(255) COLLATE utf8_unicode_ci DEFAULT NULL,
  `passwordResetRequired` tinyint(1) unsigned NOT NULL DEFAULT '0',
  `lastPasswordChangeDate` datetime DEFAULT NULL,
  `dateCreated` datetime NOT NULL,
  `dateUpdated` datetime NOT NULL,
  `uid` char(36) COLLATE utf8_unicode_ci NOT NULL DEFAULT '0',
  PRIMARY KEY (`id`),
  UNIQUE KEY `craft_users_username_unq_idx` (`username`),
  UNIQUE KEY `craft_users_email_unq_idx` (`email`),
  KEY `craft_users_verificationCode_idx` (`verificationCode`),
  KEY `craft_users_uid_idx` (`uid`),
  KEY `craft_users_preferredLocale_fk` (`preferredLocale`)
) ENGINE=InnoDB DEFAULT CHARSET=utf8 COLLATE=utf8_unicode_ci;

--
-- Data for table `craft_users`
--

INSERT INTO `craft_users` (`id`, `username`, `photo`, `firstName`, `lastName`, `email`, `password`, `preferredLocale`, `weekStartDay`, `admin`, `client`, `locked`, `suspended`, `pending`, `archived`, `lastLoginDate`, `lastLoginAttemptIPAddress`, `invalidLoginWindowStart`, `invalidLoginCount`, `lastInvalidLoginDate`, `lockoutDate`, `verificationCode`, `verificationCodeIssuedDate`, `unverifiedEmail`, `passwordResetRequired`, `lastPasswordChangeDate`, `dateCreated`, `dateUpdated`, `uid`) VALUES
 ('1', 'hellojaymee', 'yoga.jpg', '', '', 'jaymee.robertson@gmail.com', '$2y$13$10DV2DT3OG1YgZAtd674mOF5KQFnIQctHbxKKFdMVMAZnKZjnGzXG', NULL, '0', '1', '0', '0', '0', '0', '0', '2016-09-10 12:49:37', '::1', NULL, NULL, '2016-09-10 12:49:31', NULL, NULL, NULL, NULL, '0', '2016-02-28 00:53:49', '2016-02-28 00:53:49', '2016-09-10 12:49:37', '500aa537-386b-4629-8360-4e206ce2881f');



DROP TABLE IF EXISTS `craft_widgets`;


--
-- Schema for table `craft_widgets`
--
CREATE TABLE `craft_widgets` (
  `id` int(11) NOT NULL AUTO_INCREMENT,
  `userId` int(11) NOT NULL,
  `type` varchar(150) COLLATE utf8_unicode_ci NOT NULL,
  `sortOrder` smallint(6) unsigned DEFAULT NULL,
  `colspan` tinyint(4) unsigned DEFAULT NULL,
  `settings` text COLLATE utf8_unicode_ci,
  `enabled` tinyint(1) unsigned NOT NULL DEFAULT '1',
  `dateCreated` datetime NOT NULL,
  `dateUpdated` datetime NOT NULL,
  `uid` char(36) COLLATE utf8_unicode_ci NOT NULL DEFAULT '0',
  PRIMARY KEY (`id`),
  KEY `craft_widgets_userId_fk` (`userId`)
) ENGINE=InnoDB AUTO_INCREMENT=5 DEFAULT CHARSET=utf8 COLLATE=utf8_unicode_ci;

--
-- Data for table `craft_widgets`
--

INSERT INTO `craft_widgets` (`id`, `userId`, `type`, `sortOrder`, `colspan`, `settings`, `enabled`, `dateCreated`, `dateUpdated`, `uid`) VALUES
 ('1', '1', 'RecentEntries', '1', NULL, NULL, '1', '2016-02-28 00:53:55', '2016-02-28 00:53:55', '5df5a41c-8ffa-4c85-bdbb-666caaa68534'),
 ('2', '1', 'GetHelp', '2', NULL, NULL, '1', '2016-02-28 00:53:55', '2016-02-28 00:53:55', '6c1671ca-71fc-412d-ba1c-84b930e2aefb'),
 ('3', '1', 'Updates', '3', NULL, NULL, '1', '2016-02-28 00:53:55', '2016-02-28 00:53:55', 'd6eb6756-ebe6-4ea0-8729-9652c12e8aa5'),
 ('4', '1', 'Feed', '4', NULL, '{\"url\":\"https:\\/\\/craftcms.com\\/news.rss\",\"title\":\"Craft News\"}', '1', '2016-02-28 00:53:55', '2016-02-28 00:53:55', 'ea1cdc52-6163-47cb-aca3-c883fe4ab89d');


--
-- Constraints for tables
--


--
-- Constraints for table `craft_assetfiles`
--
ALTER TABLE `craft_assetfiles`
	ADD CONSTRAINT `craft_assetfiles_folderId_fk` FOREIGN KEY (`folderId`) REFERENCES `craft_assetfolders` (`id`) ON DELETE CASCADE,
	ADD CONSTRAINT `craft_assetfiles_id_fk` FOREIGN KEY (`id`) REFERENCES `craft_elements` (`id`) ON DELETE CASCADE,
	ADD CONSTRAINT `craft_assetfiles_sourceId_fk` FOREIGN KEY (`sourceId`) REFERENCES `craft_assetsources` (`id`) ON DELETE CASCADE;

--
-- Constraints for table `craft_assetfolders`
--
ALTER TABLE `craft_assetfolders`
	ADD CONSTRAINT `craft_assetfolders_parentId_fk` FOREIGN KEY (`parentId`) REFERENCES `craft_assetfolders` (`id`) ON DELETE CASCADE,
	ADD CONSTRAINT `craft_assetfolders_sourceId_fk` FOREIGN KEY (`sourceId`) REFERENCES `craft_assetsources` (`id`) ON DELETE CASCADE;

--
-- Constraints for table `craft_assetindexdata`
--
ALTER TABLE `craft_assetindexdata`
	ADD CONSTRAINT `craft_assetindexdata_sourceId_fk` FOREIGN KEY (`sourceId`) REFERENCES `craft_assetsources` (`id`) ON DELETE CASCADE;

--
-- Constraints for table `craft_assetsources`
--
ALTER TABLE `craft_assetsources`
	ADD CONSTRAINT `craft_assetsources_fieldLayoutId_fk` FOREIGN KEY (`fieldLayoutId`) REFERENCES `craft_fieldlayouts` (`id`) ON DELETE SET NULL;

--
-- Constraints for table `craft_categories`
--
ALTER TABLE `craft_categories`
	ADD CONSTRAINT `craft_categories_groupId_fk` FOREIGN KEY (`groupId`) REFERENCES `craft_categorygroups` (`id`) ON DELETE CASCADE,
	ADD CONSTRAINT `craft_categories_id_fk` FOREIGN KEY (`id`) REFERENCES `craft_elements` (`id`) ON DELETE CASCADE;

--
-- Constraints for table `craft_categorygroups`
--
ALTER TABLE `craft_categorygroups`
	ADD CONSTRAINT `craft_categorygroups_fieldLayoutId_fk` FOREIGN KEY (`fieldLayoutId`) REFERENCES `craft_fieldlayouts` (`id`) ON DELETE SET NULL,
	ADD CONSTRAINT `craft_categorygroups_structureId_fk` FOREIGN KEY (`structureId`) REFERENCES `craft_structures` (`id`) ON DELETE CASCADE;

--
-- Constraints for table `craft_categorygroups_i18n`
--
ALTER TABLE `craft_categorygroups_i18n`
	ADD CONSTRAINT `craft_categorygroups_i18n_groupId_fk` FOREIGN KEY (`groupId`) REFERENCES `craft_categorygroups` (`id`) ON DELETE CASCADE,
	ADD CONSTRAINT `craft_categorygroups_i18n_locale_fk` FOREIGN KEY (`locale`) REFERENCES `craft_locales` (`locale`) ON DELETE CASCADE ON UPDATE CASCADE;

--
-- Constraints for table `craft_content`
--
ALTER TABLE `craft_content`
	ADD CONSTRAINT `craft_content_elementId_fk` FOREIGN KEY (`elementId`) REFERENCES `craft_elements` (`id`) ON DELETE CASCADE,
	ADD CONSTRAINT `craft_content_locale_fk` FOREIGN KEY (`locale`) REFERENCES `craft_locales` (`locale`) ON DELETE CASCADE ON UPDATE CASCADE;

--
-- Constraints for table `craft_elements_i18n`
--
ALTER TABLE `craft_elements_i18n`
	ADD CONSTRAINT `craft_elements_i18n_elementId_fk` FOREIGN KEY (`elementId`) REFERENCES `craft_elements` (`id`) ON DELETE CASCADE,
	ADD CONSTRAINT `craft_elements_i18n_locale_fk` FOREIGN KEY (`locale`) REFERENCES `craft_locales` (`locale`) ON DELETE CASCADE ON UPDATE CASCADE;

--
-- Constraints for table `craft_emailmessages`
--
ALTER TABLE `craft_emailmessages`
	ADD CONSTRAINT `craft_emailmessages_locale_fk` FOREIGN KEY (`locale`) REFERENCES `craft_locales` (`locale`) ON DELETE CASCADE ON UPDATE CASCADE;

--
-- Constraints for table `craft_entries`
--
ALTER TABLE `craft_entries`
	ADD CONSTRAINT `craft_entries_authorId_fk` FOREIGN KEY (`authorId`) REFERENCES `craft_users` (`id`) ON DELETE CASCADE,
	ADD CONSTRAINT `craft_entries_id_fk` FOREIGN KEY (`id`) REFERENCES `craft_elements` (`id`) ON DELETE CASCADE,
	ADD CONSTRAINT `craft_entries_sectionId_fk` FOREIGN KEY (`sectionId`) REFERENCES `craft_sections` (`id`) ON DELETE CASCADE,
	ADD CONSTRAINT `craft_entries_typeId_fk` FOREIGN KEY (`typeId`) REFERENCES `craft_entrytypes` (`id`) ON DELETE CASCADE;

--
-- Constraints for table `craft_entrydrafts`
--
ALTER TABLE `craft_entrydrafts`
	ADD CONSTRAINT `craft_entrydrafts_creatorId_fk` FOREIGN KEY (`creatorId`) REFERENCES `craft_users` (`id`) ON DELETE CASCADE,
	ADD CONSTRAINT `craft_entrydrafts_entryId_fk` FOREIGN KEY (`entryId`) REFERENCES `craft_entries` (`id`) ON DELETE CASCADE,
	ADD CONSTRAINT `craft_entrydrafts_locale_fk` FOREIGN KEY (`locale`) REFERENCES `craft_locales` (`locale`) ON DELETE CASCADE ON UPDATE CASCADE,
	ADD CONSTRAINT `craft_entrydrafts_sectionId_fk` FOREIGN KEY (`sectionId`) REFERENCES `craft_sections` (`id`) ON DELETE CASCADE;

--
-- Constraints for table `craft_entrytypes`
--
ALTER TABLE `craft_entrytypes`
	ADD CONSTRAINT `craft_entrytypes_fieldLayoutId_fk` FOREIGN KEY (`fieldLayoutId`) REFERENCES `craft_fieldlayouts` (`id`) ON DELETE SET NULL,
	ADD CONSTRAINT `craft_entrytypes_sectionId_fk` FOREIGN KEY (`sectionId`) REFERENCES `craft_sections` (`id`) ON DELETE CASCADE;

--
-- Constraints for table `craft_entryversions`
--
ALTER TABLE `craft_entryversions`
	ADD CONSTRAINT `craft_entryversions_creatorId_fk` FOREIGN KEY (`creatorId`) REFERENCES `craft_users` (`id`) ON DELETE SET NULL,
	ADD CONSTRAINT `craft_entryversions_entryId_fk` FOREIGN KEY (`entryId`) REFERENCES `craft_entries` (`id`) ON DELETE CASCADE,
	ADD CONSTRAINT `craft_entryversions_locale_fk` FOREIGN KEY (`locale`) REFERENCES `craft_locales` (`locale`) ON DELETE CASCADE ON UPDATE CASCADE,
	ADD CONSTRAINT `craft_entryversions_sectionId_fk` FOREIGN KEY (`sectionId`) REFERENCES `craft_sections` (`id`) ON DELETE CASCADE;

--
-- Constraints for table `craft_fieldlayoutfields`
--
ALTER TABLE `craft_fieldlayoutfields`
	ADD CONSTRAINT `craft_fieldlayoutfields_fieldId_fk` FOREIGN KEY (`fieldId`) REFERENCES `craft_fields` (`id`) ON DELETE CASCADE,
	ADD CONSTRAINT `craft_fieldlayoutfields_layoutId_fk` FOREIGN KEY (`layoutId`) REFERENCES `craft_fieldlayouts` (`id`) ON DELETE CASCADE,
	ADD CONSTRAINT `craft_fieldlayoutfields_tabId_fk` FOREIGN KEY (`tabId`) REFERENCES `craft_fieldlayouttabs` (`id`) ON DELETE CASCADE;

--
-- Constraints for table `craft_fieldlayouttabs`
--
ALTER TABLE `craft_fieldlayouttabs`
	ADD CONSTRAINT `craft_fieldlayouttabs_layoutId_fk` FOREIGN KEY (`layoutId`) REFERENCES `craft_fieldlayouts` (`id`) ON DELETE CASCADE;

--
-- Constraints for table `craft_fields`
--
ALTER TABLE `craft_fields`
	ADD CONSTRAINT `craft_fields_groupId_fk` FOREIGN KEY (`groupId`) REFERENCES `craft_fieldgroups` (`id`) ON DELETE CASCADE;

--
-- Constraints for table `craft_globalsets`
--
ALTER TABLE `craft_globalsets`
	ADD CONSTRAINT `craft_globalsets_fieldLayoutId_fk` FOREIGN KEY (`fieldLayoutId`) REFERENCES `craft_fieldlayouts` (`id`) ON DELETE SET NULL,
	ADD CONSTRAINT `craft_globalsets_id_fk` FOREIGN KEY (`id`) REFERENCES `craft_elements` (`id`) ON DELETE CASCADE;

--
-- Constraints for table `craft_matrixblocks`
--
ALTER TABLE `craft_matrixblocks`
	ADD CONSTRAINT `craft_matrixblocks_fieldId_fk` FOREIGN KEY (`fieldId`) REFERENCES `craft_fields` (`id`) ON DELETE CASCADE,
	ADD CONSTRAINT `craft_matrixblocks_id_fk` FOREIGN KEY (`id`) REFERENCES `craft_elements` (`id`) ON DELETE CASCADE,
	ADD CONSTRAINT `craft_matrixblocks_ownerId_fk` FOREIGN KEY (`ownerId`) REFERENCES `craft_elements` (`id`) ON DELETE CASCADE,
	ADD CONSTRAINT `craft_matrixblocks_ownerLocale_fk` FOREIGN KEY (`ownerLocale`) REFERENCES `craft_locales` (`locale`) ON DELETE CASCADE ON UPDATE CASCADE,
	ADD CONSTRAINT `craft_matrixblocks_typeId_fk` FOREIGN KEY (`typeId`) REFERENCES `craft_matrixblocktypes` (`id`) ON DELETE CASCADE;

--
-- Constraints for table `craft_matrixblocktypes`
--
ALTER TABLE `craft_matrixblocktypes`
	ADD CONSTRAINT `craft_matrixblocktypes_fieldId_fk` FOREIGN KEY (`fieldId`) REFERENCES `craft_fields` (`id`) ON DELETE CASCADE,
	ADD CONSTRAINT `craft_matrixblocktypes_fieldLayoutId_fk` FOREIGN KEY (`fieldLayoutId`) REFERENCES `craft_fieldlayouts` (`id`) ON DELETE SET NULL;

--
-- Constraints for table `craft_matrixcontent_info`
--
ALTER TABLE `craft_matrixcontent_info`
	ADD CONSTRAINT `craft_matrixcontent_info_elementId_fk` FOREIGN KEY (`elementId`) REFERENCES `craft_elements` (`id`) ON DELETE CASCADE,
	ADD CONSTRAINT `craft_matrixcontent_info_locale_fk` FOREIGN KEY (`locale`) REFERENCES `craft_locales` (`locale`) ON DELETE CASCADE ON UPDATE CASCADE;

--
-- Constraints for table `craft_matrixcontent_work`
--
ALTER TABLE `craft_matrixcontent_work`
	ADD CONSTRAINT `craft_matrixcontent_work_elementId_fk` FOREIGN KEY (`elementId`) REFERENCES `craft_elements` (`id`) ON DELETE CASCADE,
	ADD CONSTRAINT `craft_matrixcontent_work_locale_fk` FOREIGN KEY (`locale`) REFERENCES `craft_locales` (`locale`) ON DELETE CASCADE ON UPDATE CASCADE;

--
-- Constraints for table `craft_migrations`
--
ALTER TABLE `craft_migrations`
	ADD CONSTRAINT `craft_migrations_pluginId_fk` FOREIGN KEY (`pluginId`) REFERENCES `craft_plugins` (`id`) ON DELETE CASCADE;

--
-- Constraints for table `craft_relations`
--
ALTER TABLE `craft_relations`
	ADD CONSTRAINT `craft_relations_fieldId_fk` FOREIGN KEY (`fieldId`) REFERENCES `craft_fields` (`id`) ON DELETE CASCADE,
	ADD CONSTRAINT `craft_relations_sourceId_fk` FOREIGN KEY (`sourceId`) REFERENCES `craft_elements` (`id`) ON DELETE CASCADE,
	ADD CONSTRAINT `craft_relations_sourceLocale_fk` FOREIGN KEY (`sourceLocale`) REFERENCES `craft_locales` (`locale`) ON DELETE CASCADE ON UPDATE CASCADE,
	ADD CONSTRAINT `craft_relations_targetId_fk` FOREIGN KEY (`targetId`) REFERENCES `craft_elements` (`id`) ON DELETE CASCADE;

--
-- Constraints for table `craft_routes`
--
ALTER TABLE `craft_routes`
	ADD CONSTRAINT `craft_routes_locale_fk` FOREIGN KEY (`locale`) REFERENCES `craft_locales` (`locale`) ON DELETE CASCADE ON UPDATE CASCADE;

--
-- Constraints for table `craft_sections`
--
ALTER TABLE `craft_sections`
	ADD CONSTRAINT `craft_sections_structureId_fk` FOREIGN KEY (`structureId`) REFERENCES `craft_structures` (`id`) ON DELETE SET NULL;

--
-- Constraints for table `craft_sections_i18n`
--
ALTER TABLE `craft_sections_i18n`
	ADD CONSTRAINT `craft_sections_i18n_locale_fk` FOREIGN KEY (`locale`) REFERENCES `craft_locales` (`locale`) ON DELETE CASCADE ON UPDATE CASCADE,
	ADD CONSTRAINT `craft_sections_i18n_sectionId_fk` FOREIGN KEY (`sectionId`) REFERENCES `craft_sections` (`id`) ON DELETE CASCADE;

--
-- Constraints for table `craft_sessions`
--
ALTER TABLE `craft_sessions`
	ADD CONSTRAINT `craft_sessions_userId_fk` FOREIGN KEY (`userId`) REFERENCES `craft_users` (`id`) ON DELETE CASCADE;

--
-- Constraints for table `craft_shunnedmessages`
--
ALTER TABLE `craft_shunnedmessages`
	ADD CONSTRAINT `craft_shunnedmessages_userId_fk` FOREIGN KEY (`userId`) REFERENCES `craft_users` (`id`) ON DELETE CASCADE;

--
-- Constraints for table `craft_structureelements`
--
ALTER TABLE `craft_structureelements`
	ADD CONSTRAINT `craft_structureelements_elementId_fk` FOREIGN KEY (`elementId`) REFERENCES `craft_elements` (`id`) ON DELETE CASCADE,
	ADD CONSTRAINT `craft_structureelements_structureId_fk` FOREIGN KEY (`structureId`) REFERENCES `craft_structures` (`id`) ON DELETE CASCADE;

--
-- Constraints for table `craft_taggroups`
--
ALTER TABLE `craft_taggroups`
	ADD CONSTRAINT `craft_taggroups_fieldLayoutId_fk` FOREIGN KEY (`fieldLayoutId`) REFERENCES `craft_fieldlayouts` (`id`) ON DELETE SET NULL;

--
-- Constraints for table `craft_tags`
--
ALTER TABLE `craft_tags`
	ADD CONSTRAINT `craft_tags_groupId_fk` FOREIGN KEY (`groupId`) REFERENCES `craft_taggroups` (`id`) ON DELETE CASCADE,
	ADD CONSTRAINT `craft_tags_id_fk` FOREIGN KEY (`id`) REFERENCES `craft_elements` (`id`) ON DELETE CASCADE;

--
-- Constraints for table `craft_templatecachecriteria`
--
ALTER TABLE `craft_templatecachecriteria`
	ADD CONSTRAINT `craft_templatecachecriteria_cacheId_fk` FOREIGN KEY (`cacheId`) REFERENCES `craft_templatecaches` (`id`) ON DELETE CASCADE;

--
-- Constraints for table `craft_templatecacheelements`
--
ALTER TABLE `craft_templatecacheelements`
	ADD CONSTRAINT `craft_templatecacheelements_cacheId_fk` FOREIGN KEY (`cacheId`) REFERENCES `craft_templatecaches` (`id`) ON DELETE CASCADE,
	ADD CONSTRAINT `craft_templatecacheelements_elementId_fk` FOREIGN KEY (`elementId`) REFERENCES `craft_elements` (`id`) ON DELETE CASCADE;

--
-- Constraints for table `craft_templatecaches`
--
ALTER TABLE `craft_templatecaches`
	ADD CONSTRAINT `craft_templatecaches_locale_fk` FOREIGN KEY (`locale`) REFERENCES `craft_locales` (`locale`) ON DELETE CASCADE ON UPDATE CASCADE;

--
-- Constraints for table `craft_usergroups_users`
--
ALTER TABLE `craft_usergroups_users`
	ADD CONSTRAINT `craft_usergroups_users_groupId_fk` FOREIGN KEY (`groupId`) REFERENCES `craft_usergroups` (`id`) ON DELETE CASCADE,
	ADD CONSTRAINT `craft_usergroups_users_userId_fk` FOREIGN KEY (`userId`) REFERENCES `craft_users` (`id`) ON DELETE CASCADE;

--
-- Constraints for table `craft_userpermissions_usergroups`
--
ALTER TABLE `craft_userpermissions_usergroups`
	ADD CONSTRAINT `craft_userpermissions_usergroups_groupId_fk` FOREIGN KEY (`groupId`) REFERENCES `craft_usergroups` (`id`) ON DELETE CASCADE,
	ADD CONSTRAINT `craft_userpermissions_usergroups_permissionId_fk` FOREIGN KEY (`permissionId`) REFERENCES `craft_userpermissions` (`id`) ON DELETE CASCADE;

--
-- Constraints for table `craft_userpermissions_users`
--
ALTER TABLE `craft_userpermissions_users`
	ADD CONSTRAINT `craft_userpermissions_users_permissionId_fk` FOREIGN KEY (`permissionId`) REFERENCES `craft_userpermissions` (`id`) ON DELETE CASCADE,
	ADD CONSTRAINT `craft_userpermissions_users_userId_fk` FOREIGN KEY (`userId`) REFERENCES `craft_users` (`id`) ON DELETE CASCADE;

--
-- Constraints for table `craft_users`
--
ALTER TABLE `craft_users`
	ADD CONSTRAINT `craft_users_id_fk` FOREIGN KEY (`id`) REFERENCES `craft_elements` (`id`) ON DELETE CASCADE,
	ADD CONSTRAINT `craft_users_preferredLocale_fk` FOREIGN KEY (`preferredLocale`) REFERENCES `craft_locales` (`locale`) ON DELETE SET NULL ON UPDATE CASCADE;

--
-- Constraints for table `craft_widgets`
--
ALTER TABLE `craft_widgets`
	ADD CONSTRAINT `craft_widgets_userId_fk` FOREIGN KEY (`userId`) REFERENCES `craft_users` (`id`) ON DELETE CASCADE;

SET FOREIGN_KEY_CHECKS = 1;
